AF3,F7,F3,F4,F8,AF4,label
4299.49,3997.44,4277.95,4278.97,4600,4369.23,1
4302.05,3985.64,4261.03,4283.08,4607.18,4358.46,0
4321.03,4015.9,4265.13,4286.15,4608.21,4371.79,0
4408.21,4104.1,4380,4388.21,4715.9,4464.1,0
4347.18,3975.38,4266.67,4313.33,4664.1,4411.79,1
4292.82,4007.18,4275.38,4270.26,4600.51,4353.33,0
4295.9,4017.44,4261.54,4271.28,4591.79,4350.77,0
4317.44,3981.03,4283.59,4295.9,4658.97,4407.18,1
4306.67,4017.44,4249.23,4274.87,4596.41,4375.9,0
4309.23,4019.49,4282.05,4296.41,4621.54,4383.08,0
4257.95,4009.23,4235.9,4249.23,4578.46,4326.67,0
4381.54,4069.74,4294.87,4292.82,4617.95,4415.38,0
4286.15,4014.87,4255.38,4277.44,4621.54,4347.69,1
4309.23,4031.28,4268.21,4263.08,4579.49,4363.08,1
4293.33,4030.26,4266.67,4276.92,4611.28,4345.13,0
4285.13,3993.85,4261.03,4270.77,4592.82,4352.31,1
4285.13,4008.21,4262.05,4267.18,4605.13,4337.95,1
4293.85,4001.03,4263.08,4283.59,4615.9,4357.44,0
4308.72,4031.79,4277.95,4271.79,4598.97,4374.36,0
4322.05,4054.87,4276.92,4282.05,4610.26,4379.49,1
4301.03,3987.18,4276.92,4285.64,4636.92,4385.13,1
4298.46,4011.28,4255.9,4272.31,4593.33,4345.13,0
4288.72,3983.59,4265.13,4270.77,4586.15,4331.79,1
4283.08,3985.64,4252.31,4257.44,4592.31,4352.82,0
4390.26,4054.87,4349.23,4355.9,4703.59,4463.59,1
4290.77,4004.62,4261.54,4258.97,4587.18,4348.72,1
4286.67,4003.59,4266.67,4273.33,4593.33,4354.36,0
4304.62,4014.87,4277.44,4284.1,4605.13,4360,0
4255.38,4018.97,4229.23,4257.44,4552.82,4315.9,0
4232.31,3992.82,4231.79,4251.28,4539.49,4290.26,0
4275.38,3989.74,4261.03,4280.51,4589.74,4348.72,0
4229.23,4017.44,4241.03,4236.41,4474.87,4260.51,0
4287.69,3997.44,4260,4274.36,4597.95,4350.77,1
4295.9,4011.28,4249.23,4266.67,4587.69,4357.44,1
4267.18,3997.95,4248.72,4252.82,4605.13,4330.77,0
4298.97,3993.85,4265.64,4281.54,4621.03,4363.08,0
4296.41,4003.59,4251.28,4285.13,4631.28,4365.64,0
4297.44,3986.67,4257.95,4281.54,4600.51,4361.54,1
4382.05,4063.08,4329.23,4342.56,4687.69,4437.44,1
4284.1,4039.49,4252.82,4263.59,4596.41,4340,0
4282.05,4003.59,4244.62,4269.74,4598.97,4344.62,0
4276.92,3963.08,4231.28,4266.67,4596.92,4348.72,1
4293.33,3982.56,4253.33,4277.44,4606.15,4358.97,1
4330.26,4009.74,4304.1,4305.64,4610.77,4377.95,1
4291.79,4046.67,4260,4271.79,4598.46,4348.21,0
4306.67,4010.77,4270.77,4274.87,4598.97,4353.85,0
4291.28,3997.44,4262.05,4279.49,4605.13,4353.85,0
4293.85,4054.87,4261.54,4275.9,4609.74,4348.21,0
4321.54,4040.51,4266.15,4292.82,4623.08,4370.77,1
4283.59,3989.74,4264.1,4268.72,4583.08,4351.79,0
4314.36,4062.56,4263.08,4283.59,4627.69,4374.87,0
4270.26,4021.54,4264.62,4281.03,4553.85,4301.54,1
4272.82,3978.97,4246.15,4270.77,4591.28,4346.15,1
4266.15,3937.44,4228.21,4258.46,4567.69,4320.51,1
4328.21,4059.49,4290.26,4298.46,4605.13,4372.82,0
4276.92,3987.69,4247.18,4264.62,4577.44,4337.95,1
4298.97,4020,4270.26,4276.41,4622.56,4358.46,1
4277.95,4043.08,4255.9,4258.97,4590.77,4336.92,0
4362.56,3983.08,4273.33,4324.62,4663.08,4421.03,1
4296.92,4000.51,4281.54,4291.79,4615.9,4373.85,0
4295.38,4044.62,4273.85,4281.03,4608.72,4354.87,0
4291.28,4038.97,4262.05,4268.21,4613.85,4349.23,0
4280,4013.33,4264.1,4270.77,4587.18,4336.92,1
4284.62,3980.51,4239.49,4258.46,4602.56,4341.54,0
4315.38,4008.21,4277.95,4280.51,4615.9,4362.56,1
4309.74,4015.9,4254.87,4267.18,4619.49,4363.59,1
4295.38,3989.74,4262.05,4264.62,4597.44,4358.97,0
4294.36,4002.56,4250.26,4260.51,4596.41,4344.1,0
4278.97,4029.74,4245.13,4265.64,4581.54,4326.67,0
4297.95,4004.1,4266.67,4297.95,4598.97,4377.95,0
4320,4031.28,4277.95,4297.95,4643.08,4394.36,1
4294.36,3992.82,4260,4280,4617.95,4347.69,0
4249.74,4036.92,4247.18,4257.95,4589.23,4298.97,0
4400,4049.74,4278.46,4304.62,4669.23,4468.21,0
4289.74,3992.82,4235.38,4271.79,4603.08,4348.21,0
4315.9,4013.85,4269.74,4286.15,4610.26,4384.1,1
4332.82,4047.69,4287.69,4281.03,4545.13,4362.56,1
4315.9,4007.18,4267.18,4297.95,4627.18,4373.33,0
4282.56,4039.49,4278.97,4285.64,4622.05,4344.62,1
4295.9,4001.03,4274.87,4271.28,4609.23,4366.67,0
4312.31,3973.33,4262.56,4305.64,4671.79,4418.97,1
4298.46,4008.21,4266.67,4286.15,4608.21,4372.82,0
4308.72,4010.26,4252.31,4266.67,4603.59,4350.77,1
4288.72,3952.31,4243.59,4271.79,4597.44,4344.62,1
4290.77,4007.69,4249.74,4268.21,4596.41,4353.85,1
4293.85,4024.62,4248.72,4272.31,4582.56,4353.33,0
4429.23,4065.13,4296.92,4326.15,4696.41,4481.03,0
4295.9,4009.23,4264.62,4278.97,4604.62,4361.03,0
4292.31,4005.64,4246.67,4266.67,4592.31,4351.79,0
4284.1,3997.44,4261.54,4276.92,4617.95,4348.72,0
4290.77,4020,4261.03,4277.95,4605.64,4356.41,0
4370.77,4058.46,4279.49,4291.28,4623.59,4404.62,0
4297.44,3988.72,4266.15,4282.05,4621.54,4353.33,1
4277.95,3993.85,4246.15,4258.97,4592.82,4349.74,0
4282.56,3998.46,4258.46,4271.28,4620.51,4352.31,1
4316.92,4011.28,4276.41,4290.26,4630.77,4373.33,1
4263.08,4011.28,4231.28,4254.87,4562.56,4313.33,0
4297.44,4044.1,4270.26,4276.41,4605.13,4348.21,0
4270.26,3978.97,4246.67,4255.38,4577.95,4344.1,0
4286.15,3994.87,4249.74,4276.41,4611.28,4334.87,1
4288.21,4008.21,4268.21,4282.05,4576.92,4349.23,0
4281.54,3988.21,4245.13,4281.03,4633.85,4367.69,1
4277.44,4027.18,4251.28,4259.49,4611.28,4342.56,1
4302.56,4006.15,4280.51,4275.9,4602.05,4366.67,0
4275.9,4014.36,4258.46,4289.74,4619.49,4343.59,1
4292.82,4001.03,4277.95,4289.74,4611.28,4372.82,0
4290.77,4030.77,4270.77,4281.03,4629.74,4346.67,1
4326.15,4052.31,4284.62,4285.64,4587.18,4380.51,1
4275.9,4008.72,4255.9,4269.74,4605.64,4338.97,1
4406.67,4076.41,4295.9,4313.85,4637.44,4457.44,0
4286.67,3962.05,4266.15,4295.9,4621.54,4353.85,0
4278.46,3932.82,4249.23,4307.18,4652.82,4358.97,1
4305.64,4003.08,4278.97,4284.1,4617.95,4358.46,0
4242.56,3982.05,4238.97,4255.9,4560,4297.44,0
4277.95,3967.18,4262.56,4262.56,4591.79,4341.03,0
4275.38,4029.23,4258.46,4258.46,4618.46,4335.38,1
4305.64,4018.46,4279.49,4286.67,4610.77,4366.67,1
4317.44,4021.54,4281.54,4294.36,4640,4381.03,0
4278.97,4000.51,4256.92,4265.13,4584.1,4343.08,1
4286.67,3946.15,4237.44,4267.18,4586.67,4338.97,1
4284.1,4022.56,4256.41,4267.18,4622.05,4344.1,1
4272.82,3978.46,4256.41,4277.95,4581.54,4336.92,1
4274.87,3994.36,4250.26,4264.1,4607.69,4324.62,1
4282.05,4012.82,4262.05,4254.36,4603.08,4335.9,0
4275.9,3982.05,4256.92,4274.36,4588.72,4343.08,1
4261.54,3985.13,4251.79,4253.85,4569.74,4323.08,0
4315.38,3982.05,4271.28,4291.28,4620,4393.85,1
4285.13,3940.51,4249.23,4268.21,4592.82,4331.79,0
4276.92,3990.77,4253.33,4270.77,4617.95,4356.41,1
4277.44,4002.56,4266.15,4268.21,4593.85,4336.92,1
4302.56,4020.51,4261.54,4263.08,4592.31,4353.85,0
4272.31,4018.97,4254.87,4262.56,4603.59,4332.31,1
4406.67,4128.21,4296.92,4296.41,4617.95,4427.69,1
4274.87,3970.77,4247.69,4265.64,4587.69,4341.03,1
4454.36,4060,4311.28,4340,4746.67,4538.97,0
4275.38,3998.97,4253.33,4268.21,4594.36,4344.1,0
4294.36,4011.28,4260.51,4269.23,4595.38,4352.31,1
4277.95,3973.85,4263.59,4285.13,4571.79,4342.05,0
4278.97,3988.21,4247.69,4258.97,4578.97,4337.95,1
4303.08,4002.05,4278.46,4285.13,4612.31,4356.41,0
4295.9,4006.67,4265.64,4283.08,4598.97,4355.9,1
4291.28,4022.56,4261.54,4268.72,4580.51,4348.72,1
4271.28,3990.26,4258.97,4266.67,4578.46,4331.79,1
4305.13,4040.51,4268.72,4285.13,4608.21,4370.26,0
4298.97,3970.77,4266.67,4281.54,4639.49,4389.74,1
4273.85,3975.9,4245.64,4256.41,4592.82,4335.38,0
4307.18,4007.69,4268.72,4282.56,4611.28,4362.56,1
4313.33,4022.05,4270.26,4288.21,4642.05,4388.72,1
4291.28,3988.72,4275.9,4292.82,4588.72,4354.87,0
4271.28,3982.56,4245.64,4257.44,4580,4346.67,0
4303.59,3991.28,4268.72,4285.13,4610.26,4367.69,0
4322.05,4038.97,4276.41,4305.13,4631.79,4382.05,1
4356.41,3983.59,4280.51,4314.36,4665.64,4422.05,1
4395.38,4074.36,4332.31,4327.69,4634.36,4424.62,1
4425.13,4069.74,4291.79,4315.9,4708.72,4498.46,0
4415.38,4048.21,4281.54,4306.15,4671.28,4472.31,1
4291.28,3964.62,4247.69,4268.72,4597.44,4344.62,1
4256.92,3990.26,4230.26,4257.44,4573.33,4312.31,0
4326.15,4058.97,4247.18,4273.33,4598.46,4376.41,0
4318.97,4019.49,4250.26,4292.31,4622.05,4387.18,0
4283.59,3989.23,4252.82,4274.36,4598.97,4357.44,0
4306.15,4024.1,4288.21,4302.05,4648.21,4376.41,1
4276.41,3991.79,4254.87,4272.31,4602.56,4342.56,0
4291.79,4001.03,4250.26,4274.87,4602.56,4360,1
4444.62,4091.28,4301.03,4316.92,4679.49,4475.9,0
4293.85,4041.03,4263.59,4268.72,4603.08,4338.97,0
4240.51,3974.36,4229.74,4253.85,4557.95,4295.9,0
4329.74,3981.54,4246.15,4272.31,4588.72,4376.41,1
4324.62,4020,4278.46,4285.64,4625.13,4386.15,1
4291.79,3983.59,4247.69,4272.82,4584.62,4347.69,0
4321.03,4010.77,4289.23,4300,4627.69,4376.92,0
4304.1,4061.54,4276.92,4277.95,4614.87,4356.92,0
4229.74,4024.62,4213.33,4233.85,4551.79,4290.77,0
4317.44,4040,4262.05,4292.31,4621.54,4367.18,1
4294.87,4050.26,4262.05,4275.38,4607.69,4353.33,0
4281.54,4001.03,4268.72,4274.87,4594.36,4354.36,0
4302.56,4038.46,4264.1,4274.87,4605.64,4356.92,0
4333.33,4032.82,4302.05,4296.41,4632.31,4388.72,0
4371.79,3993.33,4263.08,4293.33,4631.79,4426.67,1
4289.74,4014.36,4253.85,4262.05,4586.67,4352.82,0
4253.33,3976.41,4240.51,4261.54,4574.36,4323.59,0
4304.1,3971.79,4275.38,4288.21,4643.08,4390.26,1
4266.67,4016.41,4252.31,4266.67,4608.21,4325.64,1
4315.38,4028.21,4269.74,4294.36,4625.64,4376.92,1
4283.59,3970.77,4243.08,4257.44,4595.38,4341.54,0
4243.08,4003.59,4241.03,4244.62,4535.9,4301.03,0
4246.67,4006.15,4216.92,4245.13,4549.74,4310.26,0
4370.77,4057.44,4285.64,4294.36,4610.77,4409.23,0
4273.85,3974.87,4254.87,4276.41,4583.08,4335.38,1
4316.41,3963.59,4252.82,4286.67,4601.03,4372.82,1
4295.9,4006.15,4266.67,4277.95,4579.49,4358.46,1
4416.92,4106.67,4261.03,4292.82,4643.08,4442.05,0
4382.05,4033.33,4278.46,4309.23,4664.1,4450.77,1
4301.03,4016.92,4267.18,4277.95,4601.54,4347.18,1
4287.69,3994.87,4265.64,4283.59,4608.21,4362.56,0
4302.56,3996.92,4261.54,4273.33,4602.56,4361.54,1
4263.08,3992.31,4249.23,4261.54,4586.15,4333.33,0
4290.26,3984.62,4233.85,4260,4596.92,4337.95,0
4305.64,4015.9,4242.05,4286.15,4612.82,4391.28,0
4292.31,4048.21,4259.49,4277.44,4611.79,4354.36,0
4307.69,4024.1,4277.44,4286.15,4621.54,4372.82,1
4384.62,3994.36,4295.9,4314.87,4662.56,4449.74,1
4281.54,3991.28,4264.1,4269.23,4605.64,4343.59,0
4286.67,3957.44,4263.08,4276.92,4597.95,4347.69,0
4286.15,4041.03,4277.95,4294.36,4637.95,4352.31,1
4284.62,3988.21,4248.72,4270.26,4596.41,4344.62,1
4322.05,4025.13,4281.03,4297.95,4640,4388.72,1
4267.69,3975.9,4264.1,4268.72,4594.36,4333.85,0
4276.41,4004.62,4246.67,4257.44,4551.28,4323.59,0
4288.21,3998.97,4264.1,4265.13,4600.51,4345.13,0
4307.18,4015.9,4264.1,4288.21,4611.79,4375.38,0
4307.18,4003.08,4269.23,4298.97,4621.54,4368.21,1
4278.97,4000.51,4250.77,4262.05,4603.08,4343.59,0
4281.54,3991.79,4261.54,4265.64,4589.23,4344.1,1
4302.05,3999.49,4261.03,4270.77,4606.15,4361.03,1
4289.74,3989.23,4263.08,4263.59,4600.51,4353.33,0
4267.18,3974.87,4236.41,4246.15,4573.33,4328.21,0
4285.13,3978.97,4262.56,4281.03,4590.77,4347.18,1
4266.67,3975.9,4248.21,4251.28,4577.95,4338.97,0
4271.79,3984.62,4245.13,4265.13,4617.44,4348.72,0
4276.41,4007.18,4234.36,4262.05,4556.41,4318.97,0
4321.54,4018.46,4276.41,4281.03,4620.51,4378.97,1
4291.79,4010.26,4247.18,4275.38,4596.92,4345.64,0
4497.44,4145.64,4337.44,4333.85,4696.41,4534.36,0
4305.64,3998.46,4251.79,4268.72,4610.77,4370.26,0
4453.33,4114.36,4318.97,4309.74,4656.92,4489.23,0
4274.87,3967.18,4249.74,4256.41,4582.05,4335.9,0
4284.1,4005.13,4248.72,4271.28,4592.31,4340.51,1
4387.18,4071.79,4342.05,4350.26,4707.18,4464.1,1
4299.49,4014.87,4278.97,4284.1,4606.15,4357.95,0
4277.44,3981.54,4260.51,4266.67,4603.59,4335.9,0
4294.87,3990.77,4266.67,4292.31,4597.44,4373.33,0
4324.62,4044.1,4280.51,4298.97,4629.23,4376.92,1
4277.95,3933.33,4245.64,4298.97,4642.05,4359.49,1
4321.54,3984.1,4280.51,4302.56,4670.26,4423.08,1
4292.82,3996.41,4278.46,4273.85,4598.97,4357.95,0
4298.46,4051.28,4251.28,4274.87,4612.82,4364.1,0
4290.26,4040,4254.87,4265.13,4591.28,4341.54,0
4322.05,4014.36,4278.97,4283.08,4621.54,4398.97,1
4290.26,4000.51,4252.82,4274.87,4593.33,4361.03,1
4287.69,3997.95,4256.92,4276.41,4624.62,4365.64,1
4266.15,4038.97,4282.05,4290.26,4601.54,4322.56,1
4289.23,4006.15,4264.62,4269.23,4595.9,4350.77,0
4313.85,4012.31,4268.21,4286.15,4627.18,4376.92,1
4289.23,3997.95,4263.59,4275.38,4607.69,4347.69,1
4364.62,4038.97,4295.9,4303.08,4649.23,4408.21,1
4274.36,3978.46,4245.13,4249.74,4585.64,4342.05,0
4292.31,3996.92,4267.69,4279.49,4601.03,4357.44,1
4297.95,4042.56,4277.44,4293.85,4603.59,4350.26,0
4280.51,3970.26,4249.74,4267.69,4578.97,4341.03,0
4277.95,3973.85,4252.31,4276.41,4586.15,4351.28,0
4315.9,4017.95,4289.74,4295.38,4617.95,4381.03,0
4435.9,4111.79,4312.31,4304.1,4672.82,4471.79,1
4271.79,4024.1,4246.67,4255.38,4559.49,4322.05,0
4244.62,3993.33,4222.05,4244.1,4548.72,4294.87,0
4292.31,4002.56,4264.1,4277.95,4586.67,4354.36,1
4371.28,4045.64,4296.41,4308.21,4611.28,4424.62,0
4357.44,4063.59,4277.95,4288.72,4612.31,4404.62,0
4296.92,4010.26,4258.46,4277.44,4598.46,4356.92,0
4288.72,3990.26,4249.74,4270.77,4611.28,4356.41,0
4269.74,3998.46,4247.18,4256.92,4604.1,4324.62,0
4416.41,4084.1,4296.92,4313.33,4638.97,4468.72,0
4275.38,3979.49,4247.18,4270.77,4582.56,4338.46,1
4262.56,4027.18,4265.13,4274.87,4611.28,4325.64,0
4275.9,4007.18,4263.08,4274.87,4616.92,4335.38,1
4280,4010.26,4266.15,4276.41,4598.46,4344.1,0
4290.77,4000.51,4262.05,4281.03,4611.28,4358.46,0
4286.67,3998.97,4267.18,4278.97,4578.46,4348.21,1
4312.31,3972.82,4258.46,4302.05,4620,4381.03,1
4296.41,4004.62,4261.03,4277.95,4604.62,4349.74,0
4301.54,4004.62,4263.59,4273.33,4594.36,4354.36,1
4289.23,4008.21,4252.31,4266.67,4587.18,4352.82,1
4268.21,3976.41,4247.69,4264.1,4574.87,4330.77,1
4308.72,3981.03,4262.05,4293.85,4614.87,4371.79,1
4332.82,4028.72,4283.08,4292.82,4623.08,4392.31,1
4296.92,4057.44,4266.15,4271.28,4600.51,4343.59,0
4271.28,4007.18,4248.72,4266.15,4563.59,4333.33,0
4282.56,3983.59,4256.41,4278.97,4589.74,4337.44,0
4287.18,3972.82,4264.62,4283.08,4622.56,4371.79,1
4298.46,4006.15,4264.62,4265.13,4601.54,4365.13,0
4289.23,3998.46,4264.1,4284.1,4624.1,4351.28,0
4301.54,4011.79,4244.62,4270.26,4649.74,4377.44,1
4274.36,4028.72,4248.21,4276.92,4577.95,4326.15,0
4306.67,4007.18,4271.28,4284.62,4622.05,4369.74,0
4300.51,4023.08,4278.46,4283.59,4613.33,4367.18,0
4319.49,4041.54,4261.03,4288.72,4625.64,4367.18,1
4288.21,3989.23,4248.21,4270.77,4623.08,4355.38,0
4312.82,4006.15,4260.51,4274.36,4611.79,4375.9,0
4302.05,4044.62,4261.03,4271.28,4611.79,4346.67,0
4287.18,4017.44,4263.59,4269.23,4595.38,4348.72,1
4285.13,3988.21,4265.13,4264.62,4592.31,4351.28,0
4277.44,3991.79,4246.15,4270.77,4609.23,4334.36,1
4298.97,4008.72,4241.54,4272.82,4590.26,4363.59,0
4275.9,3979.49,4250.26,4256.92,4594.87,4351.28,0
4384.62,4074.87,4281.54,4296.92,4620.51,4422.56,0
4300,3994.36,4280.51,4299.49,4603.08,4362.05,0
4297.95,3989.74,4264.62,4276.92,4612.82,4358.46,0
4298.97,4012.31,4268.21,4259.49,4589.74,4358.97,0
4278.46,3967.69,4264.1,4285.64,4590.77,4343.08,1
4289.23,3970.26,4243.08,4259.49,4582.05,4337.44,0
4283.59,3966.67,4248.72,4274.87,4610.77,4341.54,1
4391.28,4080,4358.97,4383.08,4704.1,4455.9,0
4307.18,4009.74,4268.21,4274.87,4593.33,4353.33,0
4292.31,4000.51,4247.18,4257.44,4577.44,4348.21,1
4322.56,4027.18,4268.72,4293.85,4607.69,4370.77,0
4297.95,4013.33,4270.26,4283.08,4604.62,4360.51,0
4316.92,3983.08,4261.54,4297.95,4617.44,4375.9,1
4394.36,4021.54,4296.92,4316.41,4688.21,4457.95,0
4289.74,4000.51,4249.23,4265.13,4577.44,4348.21,1
4338.97,4029.74,4282.56,4285.64,4608.21,4376.92,1
4270.26,3976.92,4256.92,4277.44,4590.77,4340,1
4278.46,3952.31,4247.18,4283.59,4639.49,4381.54,1
4265.64,3996.41,4247.18,4268.21,4580,4313.33,0
4280.51,3980,4251.79,4271.28,4592.31,4348.21,1
4295.9,3994.36,4255.9,4270.26,4610.77,4355.38,0
4268.21,4012.82,4258.97,4269.74,4562.05,4311.28,0
4291.28,4016.41,4262.56,4273.33,4591.28,4339.49,0
4234.87,3998.46,4234.87,4249.23,4539.49,4285.13,0
4303.08,4008.72,4273.33,4273.85,4593.85,4353.33,0
4286.67,3998.46,4265.64,4265.13,4592.31,4340,0
4296.41,4024.62,4267.18,4258.97,4591.79,4355.38,1
4271.79,4027.18,4258.97,4262.05,4547.18,4310.26,1
4288.72,4047.69,4263.59,4278.97,4606.15,4350.26,0
4443.59,4098.97,4310.77,4322.56,4708.72,4503.08,0
4245.13,4032.82,4227.69,4246.15,4552.82,4294.87,0
4297.95,4004.1,4264.1,4290.77,4627.69,4358.46,0
4286.15,3983.08,4242.05,4266.67,4594.87,4347.69,0
4291.79,3993.33,4262.56,4254.87,4598.97,4360,0
4297.95,4001.03,4266.67,4268.72,4601.03,4358.46,0
4290.26,3954.36,4257.44,4311.28,4657.44,4371.79,1
4307.18,3966.67,4237.44,4279.49,4624.62,4381.03,1
4284.1,4018.97,4264.62,4272.31,4613.85,4350.77,1
4284.1,4006.15,4250.77,4269.23,4588.21,4362.56,1
4322.56,4023.08,4277.44,4291.28,4625.13,4385.13,1
4268.21,3979.49,4253.33,4269.74,4600,4347.69,1
4286.15,3951.79,4247.18,4265.13,4594.36,4345.13,0
4257.95,4020.51,4255.9,4275.38,4548.21,4307.18,0
4308.21,4004.62,4243.59,4284.62,4599.49,4383.08,0
4297.44,4001.54,4265.13,4284.1,4628.72,4363.59,0
4335.9,3983.08,4272.31,4293.33,4629.74,4405.64,1
4240.51,4032.31,4246.67,4242.56,4485.13,4275.38,0
4297.95,4018.97,4262.05,4255.9,4588.21,4356.41,1
4267.18,3976.41,4244.1,4269.23,4596.41,4329.74,0
4258.97,4045.13,4261.54,4262.05,4589.74,4298.97,0
4329.74,4018.46,4291.79,4308.21,4633.85,4387.18,0
4389.23,4006.67,4262.56,4297.95,4651.28,4456.41,1
4290.26,3986.15,4260.51,4271.28,4619.49,4346.67,1
4298.46,4002.56,4262.05,4273.85,4606.67,4365.64,0
4430.77,4067.69,4291.79,4314.87,4670.77,4480.51,0
4277.44,3990.26,4247.18,4275.38,4602.05,4348.21,1
4297.95,4009.74,4256.92,4272.82,4591.28,4361.03,1
4326.15,3956.92,4248.72,4274.87,4601.54,4383.08,1
4298.97,4049.74,4263.08,4276.92,4613.85,4349.74,0
4342.56,4041.54,4301.03,4308.72,4638.97,4400,0
4318.46,4014.36,4269.74,4280,4611.28,4378.97,1
4324.62,4044.1,4278.97,4303.08,4624.62,4387.18,1
4281.03,4011.28,4238.46,4252.82,4591.79,4334.87,0
4335.9,4032.31,4294.36,4306.67,4638.97,4400.51,0
4333.85,4022.05,4280,4288.72,4616.41,4382.56,1
4296.92,3994.36,4251.28,4268.21,4608.21,4348.72,0
4311.79,4016.92,4280,4276.41,4604.1,4365.13,1
4316.41,4028.21,4261.03,4286.15,4608.21,4385.13,0
4249.23,4026.67,4232.82,4234.36,4561.03,4301.54,0
4271.79,4019.49,4235.38,4245.64,4605.64,4329.23,1
4318.46,4012.31,4245.64,4271.79,4608.21,4384.1,1
4289.23,4011.79,4266.67,4278.46,4591.28,4344.1,1
4263.08,4046.15,4241.54,4254.36,4559.49,4303.59,0
4405.64,4104.1,4371.79,4383.59,4711.79,4458.46,0
4284.62,3975.9,4269.74,4266.15,4587.69,4339.49,0
4263.08,4010.26,4264.1,4270.26,4547.69,4307.69,1
4385.13,4089.23,4279.49,4288.72,4627.18,4422.05,0
4286.67,3990.26,4248.72,4266.15,4585.64,4347.18,1
4336.41,4012.82,4297.95,4304.1,4610.26,4378.97,1
4292.31,3983.59,4263.08,4271.28,4592.31,4345.64,0
4295.38,3999.49,4251.28,4274.36,4580.51,4373.33,0
4272.31,3989.74,4235.38,4252.82,4574.36,4343.08,1
4247.69,4012.31,4249.23,4257.95,4556.92,4307.69,0
4360,4059.49,4356.41,4330.26,4660,4409.74,0
4313.33,4019.49,4265.13,4273.85,4598.46,4363.08,1
4282.56,3994.87,4261.54,4277.44,4591.28,4351.28,1
4328.21,4022.05,4272.31,4277.44,4611.28,4376.41,1
4269.23,3977.95,4251.79,4272.31,4588.72,4340,1
4295.38,4018.97,4260,4270.26,4597.44,4340.51,1
4304.62,4017.44,4250.26,4282.56,4607.18,4363.59,0
4293.85,3996.92,4250.26,4286.67,4624.62,4369.74,0
4297.44,4003.08,4273.85,4284.62,4610.26,4362.56,0
4286.67,3984.62,4263.59,4261.03,4589.74,4344.62,0
4281.03,4033.33,4269.74,4284.1,4626.67,4349.74,0
4284.62,4008.21,4274.87,4282.05,4589.74,4350.26,0
4282.05,3988.21,4252.31,4264.1,4592.31,4342.56,0
4384.1,4082.05,4347.69,4363.08,4696.92,4441.54,0
4280.51,3985.64,4249.74,4264.1,4588.72,4339.49,1
4293.33,4007.18,4269.23,4274.87,4603.08,4358.97,1
4288.21,4023.59,4263.59,4275.9,4603.08,4343.59,0
4261.03,3969.74,4245.13,4253.33,4564.1,4323.59,0
4296.92,4015.38,4261.54,4278.97,4600.51,4368.72,0
4276.92,4026.67,4245.64,4263.59,4595.9,4340,0
4280,4018.97,4245.13,4272.82,4604.1,4346.15,0
4324.1,4025.64,4295.38,4301.03,4629.23,4382.56,1
4294.87,3991.79,4252.31,4271.28,4599.49,4355.38,1
4410.26,4012.31,4278.46,4315.9,4687.69,4481.03,1
4329.74,4031.28,4281.03,4280,4603.59,4384.1,0
4269.74,3975.9,4250.77,4269.23,4592.31,4341.54,0
4372.31,4099.49,4265.64,4286.67,4618.97,4410.77,0
4420.51,4075.9,4295.38,4313.33,4675.9,4488.72,0
4301.03,3995.38,4264.1,4292.82,4625.64,4364.62,0
4301.03,4021.03,4262.05,4272.31,4602.56,4345.64,1
4308.21,4027.18,4264.1,4286.67,4617.95,4372.82,0
4361.03,4049.23,4352.31,4315.9,4660,4415.9,0
4288.72,4010.26,4266.67,4280,4597.44,4343.08,0
4273.33,4014.36,4249.23,4264.1,4613.85,4327.69,1
4313.85,4007.69,4280.51,4286.15,4602.05,4368.21,1
4282.56,3984.1,4251.28,4272.82,4575.38,4340,1
4310.77,4043.59,4281.03,4272.82,4600,4348.72,1
4298.46,4002.05,4262.05,4278.97,4598.46,4351.79,0
4311.28,4012.82,4265.13,4284.62,4620.51,4365.13,1
4294.36,3994.87,4247.69,4275.9,4613.33,4351.79,0
4297.95,3994.36,4248.72,4274.36,4596.41,4363.08,1
4328.72,4019.49,4297.44,4306.67,4625.64,4390.77,1
4282.05,3962.56,4247.18,4283.08,4592.31,4348.21,1
4288.21,4006.67,4245.13,4283.59,4625.64,4350.26,1
4282.05,4005.13,4259.49,4268.72,4594.36,4327.69,0
4280.51,3997.95,4252.31,4273.85,4578.97,4324.1,0
4295.38,3972.31,4264.1,4285.13,4591.79,4355.9,1
4286.67,3999.49,4263.59,4275.38,4613.85,4334.36,1
4306.67,4017.95,4250.77,4287.69,4635.38,4381.54,0
4276.92,3994.87,4263.08,4262.05,4522.56,4313.33,1
4314.36,4021.03,4254.87,4284.62,4605.64,4375.9,0
4298.97,4010.77,4269.23,4280.51,4616.92,4352.82,0
4314.87,3971.79,4261.54,4294.36,4671.28,4420,1
4276.41,3968.72,4260,4273.85,4581.03,4334.36,1
4266.67,3986.67,4247.18,4270.77,4591.79,4344.62,1
4247.18,4021.03,4249.23,4249.74,4500,4290.77,0
4362.05,4061.54,4262.56,4277.95,4620.51,4407.69,0
4289.23,3991.79,4255.38,4274.87,4575.9,4348.21,1
4305.64,4036.41,4263.08,4263.08,4583.08,4352.31,0
4299.49,3993.85,4264.1,4277.95,4595.38,4349.74,1
4284.1,3982.56,4264.62,4258.97,4594.36,4354.87,0
4293.33,4012.82,4247.18,4272.31,4598.97,4349.23,0
4280,4022.05,4245.13,4260.51,4597.95,4332.31,0
4273.85,3976.41,4249.23,4272.82,4590.26,4335.38,0
4298.97,4001.03,4266.67,4278.97,4620.51,4361.54,0
4296.92,3997.95,4283.08,4295.38,4618.46,4373.33,0
4285.64,3987.18,4261.03,4286.15,4589.23,4366.15,0
4269.74,4001.54,4249.74,4261.03,4584.1,4341.54,0
4283.08,3985.64,4261.54,4274.87,4594.87,4348.21,1
4306.67,4004.1,4270.26,4282.56,4619.49,4366.15,0
4277.44,4010.26,4256.41,4258.46,4596.92,4326.15,0
4273.33,4019.49,4235.38,4250.77,4604.62,4328.72,1
4219.49,3976.92,4234.36,4252.31,4528.72,4266.15,1
4330.77,4053.33,4265.64,4300.51,4639.49,4390.26,1
4278.46,3974.87,4267.18,4288.21,4620.51,4354.87,0
4318.97,4035.38,4258.46,4293.85,4624.62,4381.54,1
4293.85,4009.23,4276.41,4293.33,4577.44,4366.15,0
4322.56,4023.08,4284.1,4290.77,4619.49,4361.54,0
4283.59,3997.95,4249.23,4265.64,4614.36,4355.9,0
4294.36,4007.18,4265.13,4268.21,4573.85,4351.79,1
4283.59,3991.28,4251.79,4272.82,4615.38,4352.31,0
4283.59,3989.74,4262.56,4262.05,4589.23,4334.87,0
4294.36,3978.46,4248.21,4268.21,4613.33,4350.77,0
4268.21,3982.56,4249.23,4262.05,4600.51,4322.56,0
4265.13,4020.51,4230.26,4264.1,4574.36,4326.67,0
4310.26,3968.72,4245.13,4281.54,4647.18,4387.69,0
4296.41,4046.15,4269.74,4274.87,4601.03,4345.13,0
4292.82,4000,4266.15,4294.36,4608.21,4363.59,0
4313.85,4021.54,4258.46,4278.97,4599.49,4367.69,0
4377.95,4052.31,4281.03,4294.36,4631.79,4423.59,0
4280.51,3988.21,4246.67,4263.08,4585.13,4343.08,1
4268.21,3964.62,4237.95,4262.56,4572.82,4306.15,0
4263.59,3995.9,4256.92,4262.56,4575.38,4319.49,0
4316.92,4024.1,4275.9,4277.44,4607.18,4373.85,0
4321.54,4054.87,4250.26,4275.9,4597.44,4363.08,0
4245.13,4047.18,4241.03,4228.21,4456.92,4263.59,0
4302.56,4003.08,4262.05,4266.15,4603.08,4360.51,1
4266.67,3990.26,4245.13,4258.46,4571.79,4335.38,0
4280.51,3935.38,4248.21,4303.59,4649.74,4364.62,1
4285.64,3990.77,4262.56,4279.49,4609.74,4343.59,0
4281.03,4001.03,4251.28,4286.15,4614.87,4364.1,0
4291.79,4007.18,4262.05,4271.28,4601.03,4346.15,1
4284.1,3989.74,4258.97,4264.62,4578.46,4330.77,1
4290.77,4003.08,4265.13,4275.38,4607.18,4364.62,0
4289.23,3999.49,4263.59,4278.97,4598.46,4356.41,0
4299.49,3992.31,4253.85,4284.1,4615.9,4368.21,0
4298.97,4016.92,4249.74,4280.51,4596.41,4353.85,0
4283.08,4007.69,4260.51,4246.67,4565.64,4340.51,1
4297.95,4001.54,4235.9,4279.49,4611.28,4357.44,0
4302.56,4013.33,4258.46,4279.49,4598.97,4362.05,0
4288.72,3996.41,4257.95,4273.33,4601.03,4365.13,1
4287.69,4001.54,4266.15,4286.15,4609.23,4353.85,0
4386.67,4031.79,4290.26,4314.87,4665.64,4456.92,1
4292.82,4040.51,4261.03,4272.31,4613.33,4343.08,0
4286.15,3989.23,4265.13,4267.69,4593.33,4354.36,0
4293.85,3993.33,4263.08,4275.38,4596.41,4345.64,1
4321.03,4004.62,4284.1,4281.03,4628.21,4389.74,0
4316.41,4007.69,4278.46,4297.95,4634.87,4371.79,0
4228.72,4051.28,4246.15,4235.38,4507.69,4251.28,0
4267.69,4007.69,4249.74,4260,4587.69,4327.18,0
4287.69,3986.15,4249.74,4256.92,4584.1,4345.13,0
4415.9,4053.33,4278.46,4302.56,4671.28,4477.44,1
4311.79,3958.97,4248.72,4281.03,4588.72,4360.51,1
4300.51,3986.15,4264.1,4273.33,4599.49,4363.59,1
4307.18,4003.08,4279.49,4284.1,4601.54,4369.23,1
4312.82,4007.69,4276.41,4276.92,4607.18,4366.67,1
4304.1,3998.46,4250.77,4274.87,4608.21,4377.44,1
4400,4022.05,4313.85,4341.54,4753.33,4506.67,1
4315.9,4013.85,4283.08,4283.59,4610.26,4365.64,1
4280.51,4010.26,4241.54,4265.64,4565.64,4328.21,0
4301.03,3990.77,4261.54,4284.1,4609.23,4364.1,1
4315.38,4006.67,4281.54,4295.9,4634.87,4377.44,0
4305.64,3990.77,4264.1,4271.28,4604.62,4360.51,1
4244.1,4004.62,4233.85,4245.64,4543.08,4279.49,1
4307.18,4048.72,4267.18,4270.77,4610.77,4359.49,0
4276.41,3987.69,4266.15,4274.87,4599.49,4346.67,0
4300.51,4003.08,4264.1,4278.46,4611.28,4361.03,0
4389.74,4054.36,4359.49,4364.1,4705.13,4465.64,1
4334.87,4036.92,4310.26,4299.49,4628.21,4385.13,0
4272.31,3961.54,4264.62,4285.13,4585.13,4345.64,1
4280.51,3932.82,4246.67,4269.74,4590.77,4342.56,0
4297.95,3992.82,4266.15,4283.08,4594.36,4358.97,1
4304.1,4027.18,4280.51,4281.54,4604.1,4343.59,0
4269.23,3997.95,4246.15,4262.56,4577.44,4349.23,0
4304.1,3992.82,4271.28,4287.18,4593.33,4383.08,0
4267.18,3995.9,4248.21,4263.08,4578.46,4323.59,0
4307.69,3974.87,4270.26,4280,4597.44,4380,1
4280,3975.9,4250.26,4279.49,4584.62,4333.33,0
4301.03,4024.62,4275.38,4283.59,4602.56,4352.31,0
4320,3967.69,4257.95,4295.9,4675.9,4428.72,1
4303.08,4007.18,4264.1,4280,4601.03,4370.26,1
4287.18,3993.85,4265.64,4272.82,4621.03,4342.56,0
4299.49,4013.33,4259.49,4275.9,4596.41,4355.9,1
4311.28,4009.23,4277.95,4278.46,4618.97,4375.9,1
4271.28,4051.79,4281.03,4278.97,4597.44,4316.41,0
4281.03,3977.95,4248.72,4257.44,4598.46,4352.82,0
4302.05,4030.77,4269.74,4286.15,4596.41,4357.95,0
4279.49,4003.59,4255.9,4265.64,4579.49,4332.31,0
4350.77,4050.26,4342.05,4312.82,4649.74,4413.85,0
4446.15,4099.49,4303.08,4325.13,4673.33,4489.74,0
4298.46,4017.44,4267.18,4278.97,4592.31,4357.95,0
4368.72,4065.64,4364.1,4332.31,4667.18,4412.82,0
4272.82,3958.97,4250.26,4272.82,4613.85,4353.33,0
4282.56,4010.77,4268.21,4273.33,4591.79,4345.13,0
4278.46,4015.9,4244.62,4265.64,4596.41,4339.49,0
4280.51,4008.21,4250.26,4260.51,4586.67,4331.79,0
4354.87,3980,4266.67,4304.62,4698.46,4446.15,1
4285.64,3995.9,4263.59,4281.03,4617.95,4349.23,0
4275.38,3983.59,4254.87,4271.79,4596.92,4342.05,0
4303.59,4048.21,4267.69,4272.82,4597.44,4346.15,0
4298.46,4000.51,4265.13,4282.56,4627.18,4368.72,0
4251.79,4010.77,4213.85,4239.49,4543.59,4296.41,0
4297.44,3955.9,4248.21,4286.67,4669.74,4391.28,1
4240.51,3970.26,4235.38,4264.62,4582.05,4335.9,0
4291.79,4008.72,4264.62,4286.15,4604.1,4364.1,1
4300.51,4028.72,4248.21,4278.97,4587.18,4347.18,0
4390.26,4035.9,4285.64,4313.33,4667.18,4459.49,1
4296.92,4004.1,4262.05,4279.49,4625.13,4369.74,0
4317.95,4003.08,4289.74,4297.44,4609.23,4372.82,1
4297.95,4004.1,4260,4273.85,4614.36,4357.44,1
4292.31,3987.18,4246.67,4272.82,4590.26,4355.9,1
4292.31,3991.79,4263.08,4263.59,4612.82,4342.56,0
4300.51,4058.46,4266.67,4271.79,4608.21,4352.31,0
4327.69,4055.9,4283.59,4285.64,4613.33,4384.62,1
4314.36,4008.21,4280.51,4291.28,4609.23,4372.31,0
4304.62,4026.67,4262.56,4286.15,4616.92,4364.62,1
4261.54,4007.69,4248.72,4246.15,4533.85,4287.18,1
4290.77,4029.23,4248.21,4269.23,4585.64,4341.03,0
4275.9,4015.38,4235.38,4249.23,4597.44,4333.85,0
4278.46,3983.59,4260,4271.79,4580,4347.69,1
4245.64,4026.67,4247.69,4252.31,4495.9,4284.62,0
4307.18,4017.44,4246.67,4275.9,4652.31,4377.44,1
4296.41,4006.15,4256.41,4275.9,4605.64,4355.9,0
4316.92,4025.64,4280.51,4290.77,4631.28,4383.59,1
4343.08,4069.74,4272.82,4279.49,4608.21,4377.95,1
4300.51,4003.59,4263.59,4286.15,4605.64,4377.95,0
4286.15,3993.33,4247.69,4260,4588.72,4335.38,1
4250.77,4010.26,4252.31,4258.46,4559.49,4308.72,0
4291.79,4002.05,4275.38,4286.67,4604.62,4362.56,1
4286.15,4026.15,4257.44,4274.87,4618.97,4347.18,1
4283.08,3994.87,4263.08,4280,4602.56,4358.97,0
4292.31,3995.38,4250.26,4280,4625.13,4365.64,0
4285.13,3989.74,4249.74,4272.82,4583.59,4354.36,0
4292.31,3987.69,4234.87,4265.64,4610.77,4345.13,0
4273.33,3997.44,4250.77,4266.15,4606.67,4325.64,1
4295.9,3958.97,4265.64,4277.95,4608.21,4357.95,0
4317.44,4028.72,4266.15,4293.33,4626.15,4374.87,1
4312.31,3998.97,4278.46,4297.44,4619.49,4376.92,0
4344.1,3966.67,4262.56,4304.62,4701.54,4438.97,1
4272.82,3938.46,4248.21,4278.97,4581.03,4336.92,1
4272.31,4020.51,4257.95,4275.38,4569.23,4325.13,0
4265.64,4027.69,4266.67,4274.87,4610.77,4329.74,0
4213.85,4061.03,4229.23,4216.41,4469.74,4236.92,0
4283.08,4009.74,4247.18,4265.13,4601.54,4342.56,0
4258.97,3970.26,4236.41,4258.46,4594.36,4338.46,1
4301.03,4012.31,4254.36,4277.44,4600,4356.92,0
4333.33,4014.87,4282.05,4314.36,4640,4397.95,0
4281.54,3987.18,4265.13,4279.49,4588.72,4358.46,1
4283.08,4014.87,4262.05,4278.46,4592.31,4349.23,0
4292.31,4002.05,4263.08,4283.59,4603.08,4360,0
4291.79,3967.69,4252.31,4282.05,4595.38,4364.62,1
4321.54,3962.56,4260,4307.69,4639.49,4388.21,1
4288.72,4034.87,4249.23,4273.33,4581.54,4341.03,0
4282.05,4025.64,4252.82,4262.05,4606.67,4345.13,0
4306.15,4017.95,4275.38,4286.15,4635.9,4381.03,1
4234.87,4067.18,4251.28,4237.44,4496.41,4258.46,0
4305.13,4017.44,4264.1,4275.38,4609.74,4342.56,1
4311.28,4006.67,4277.95,4292.82,4634.87,4363.08,0
4348.72,3989.74,4273.33,4290.77,4669.74,4425.13,0
4365.64,3989.74,4295.9,4309.74,4664.1,4432.31,1
4233.85,4054.87,4230.77,4229.23,4499.49,4261.03,0
4288.72,3993.85,4265.64,4271.79,4596.92,4349.74,1
4293.85,4000,4266.67,4287.69,4605.64,4362.05,0
4301.03,3962.56,4243.08,4271.79,4594.36,4356.92,1
4360.51,4043.08,4324.1,4330.77,4674.36,4420.51,1
4308.72,4009.74,4268.72,4282.05,4624.62,4366.67,0
4286.67,4006.67,4261.54,4271.79,4587.18,4337.95,0
4331.79,4042.56,4266.15,4270.77,4598.46,4384.62,0
4346.67,3995.38,4277.95,4306.15,4629.23,4399.49,1
4283.08,3990.26,4263.08,4273.33,4600,4330.77,0
4278.46,3985.64,4254.36,4271.79,4584.62,4346.67,1
4280,3982.56,4264.1,4283.59,4592.82,4351.79,1
4300,3992.31,4277.95,4292.31,4596.41,4366.15,1
4308.72,4015.9,4263.08,4266.67,4603.08,4362.05,1
4273.85,4037.95,4247.18,4255.38,4572.31,4315.9,0
4298.46,4027.69,4247.69,4272.31,4598.97,4350.26,0
4276.92,3974.87,4258.97,4269.74,4579.49,4329.74,1
4282.56,3994.87,4261.54,4284.62,4608.21,4340.51,1
4403.08,4076.92,4342.56,4333.33,4647.69,4431.79,1
4312.82,4003.59,4264.1,4270.77,4594.36,4351.79,1
4305.13,3998.97,4266.15,4271.79,4607.18,4370.26,1
4286.15,4032.82,4267.18,4269.74,4621.54,4344.62,1
4288.21,4001.54,4262.05,4281.54,4597.95,4364.62,1
4277.95,4047.69,4278.46,4284.1,4610.77,4328.72,1
4285.64,4005.13,4249.23,4270.77,4608.72,4345.64,0
4279.49,4001.54,4265.13,4275.9,4566.15,4348.72,0
4279.49,3993.85,4251.28,4291.79,4608.72,4358.46,1
4250.26,3994.87,4246.67,4261.03,4578.97,4316.92,0
4307.69,4023.08,4268.21,4280,4608.21,4365.64,1
4300,4002.05,4261.03,4283.08,4623.08,4367.69,0
4284.62,3981.54,4253.33,4280,4617.44,4352.82,0
4297.44,4054.87,4251.28,4279.49,4616.41,4363.59,0
4292.31,4007.18,4258.97,4269.74,4588.21,4364.1,1
4293.33,4026.15,4254.36,4271.28,4606.15,4341.54,0
4300.51,4033.85,4265.64,4285.64,4595.9,4354.36,0
4287.69,3998.46,4262.56,4285.13,4613.85,4363.08,0
4237.44,4026.67,4245.13,4245.13,4482.56,4278.97,0
4260,3955.38,4245.13,4265.13,4565.13,4317.44,0
4273.85,4020,4245.64,4258.97,4608.21,4332.82,1
4280.51,3984.62,4253.33,4279.49,4592.31,4344.62,0
4336.41,3988.72,4266.15,4302.05,4621.03,4382.05,1
4289.74,4012.82,4246.15,4257.95,4585.13,4346.15,0
4220,4028.21,4202.56,4226.67,4549.23,4274.87,0
4198.97,3966.67,4212.31,4225.64,4515.38,4252.82,1
4267.18,4017.44,4263.08,4271.79,4608.21,4322.05,1
4289.23,3993.85,4270.77,4276.41,4600.51,4362.56,0
4329.23,3984.62,4264.62,4298.97,4619.49,4386.15,1
4304.1,4008.72,4266.15,4282.56,4595.9,4354.87,0
4303.08,4013.85,4262.56,4272.31,4614.36,4350.77,1
4290.26,4053.85,4268.21,4268.21,4600,4333.33,0
4302.56,4026.15,4274.87,4269.23,4597.95,4369.23,0
4314.36,4015.9,4274.36,4281.03,4598.97,4365.13,0
4276.41,4011.79,4257.95,4262.05,4591.79,4340,0
4303.59,4012.82,4267.69,4282.05,4624.62,4356.92,1
4271.79,3988.21,4262.05,4270.77,4591.28,4336.41,1
4265.64,3957.95,4277.95,4287.69,4585.64,4326.67,0
4302.05,4007.18,4252.31,4271.28,4603.08,4356.41,0
4253.33,4041.54,4234.36,4247.18,4569.23,4301.54,0
4330.26,4025.13,4265.13,4294.87,4653.85,4386.15,0
4346.67,4045.64,4345.13,4315.38,4654.36,4405.13,0
4303.59,3994.36,4264.62,4283.59,4615.9,4367.18,0
4283.59,3980.51,4224.62,4259.49,4606.67,4344.62,0
4312.82,4006.67,4273.33,4284.1,4604.1,4358.97,1
4290.26,3943.59,4257.95,4270.77,4598.46,4345.13,0
4304.1,4039.49,4263.59,4278.46,4607.69,4363.08,0
4314.87,4002.56,4271.79,4282.56,4622.05,4367.18,0
4282.05,3988.72,4234.36,4268.21,4603.08,4342.05,0
4277.95,3986.15,4260.51,4273.33,4604.1,4335.9,0
4309.23,4003.59,4269.23,4289.23,4625.64,4370.26,1
4229.74,3989.23,4234.36,4248.72,4530.26,4255.38,1
4298.46,4001.54,4265.13,4282.56,4592.31,4365.13,1
4295.38,3990.77,4265.64,4277.95,4619.49,4350.26,0
4243.08,3948.21,4224.1,4250.26,4579.49,4323.59,1
4284.62,3991.28,4260,4279.49,4590.77,4364.62,0
4295.38,4005.64,4257.44,4275.9,4605.64,4357.95,1
4271.79,3977.44,4250.77,4265.13,4574.36,4336.92,1
4423.08,4128.21,4296.41,4296.92,4648.21,4453.85,1
4331.28,4051.28,4269.23,4295.38,4622.56,4384.62,1
4280,4004.62,4264.62,4261.54,4590.77,4325.13,1
4367.69,4031.28,4318.97,4322.05,4631.28,4402.56,1
4294.87,4005.13,4264.62,4273.85,4603.08,4343.59,0
4300.51,3981.03,4260.51,4282.56,4607.69,4352.82,0
4298.46,3935.38,4250.26,4311.28,4665.13,4378.46,1
4290.77,4007.18,4253.33,4267.69,4591.28,4344.1,1
4323.59,4016.92,4284.62,4278.97,4606.15,4373.33,1
4307.69,4049.23,4262.56,4277.95,4606.15,4352.82,0
4320,4005.64,4267.69,4302.56,4635.38,4377.44,0
4268.21,4009.23,4259.49,4285.64,4600.51,4336.92,1
4300.51,3994.36,4265.13,4284.1,4613.33,4372.82,1
4274.87,3982.56,4241.54,4270.26,4592.31,4341.03,1
4297.95,3990.77,4254.87,4284.62,4609.74,4365.64,0
4321.54,4025.13,4284.1,4295.9,4631.79,4395.38,1
4253.33,4007.69,4250.26,4268.72,4548.72,4298.97,0
4303.59,4001.03,4265.13,4275.9,4569.23,4352.82,1
4311.79,4011.79,4268.72,4289.23,4627.69,4377.44,1
4287.69,4032.82,4272.31,4284.62,4635.38,4362.05,1
4264.62,4032.82,4232.82,4245.64,4563.08,4320,0
4294.87,3940.51,4244.62,4303.08,4664.1,4387.18,1
4311.79,4024.1,4265.13,4283.59,4608.72,4358.97,0
4284.62,3991.28,4266.15,4278.97,4599.49,4334.36,1
4365.13,4061.54,4361.03,4326.15,4657.95,4415.9,0
4305.64,4016.41,4253.85,4282.56,4606.67,4352.82,0
4313.33,4004.1,4272.82,4283.59,4610.77,4370.77,1
4310.77,4023.59,4251.28,4289.23,4615.9,4383.59,0
4297.44,4027.18,4258.46,4257.95,4596.92,4368.72,1
4251.79,4033.85,4250.26,4249.23,4488.72,4281.54,0
4285.13,3978.46,4252.31,4267.69,4567.18,4336.92,1
4282.05,4004.1,4264.1,4280,4586.15,4354.87,0
4297.44,4005.64,4265.64,4271.79,4599.49,4344.1,1
4296.41,4002.05,4269.74,4281.54,4578.46,4353.33,1
4390.26,4069.23,4294.36,4296.41,4632.31,4427.18,0
4287.69,3985.64,4246.15,4267.18,4595.38,4347.18,1
4275.9,3994.36,4250.26,4276.92,4585.13,4327.18,0
4253.33,3993.85,4249.23,4266.67,4555.9,4327.69,1
4294.87,3999.49,4271.28,4277.44,4601.03,4356.92,1
4262.56,3964.1,4276.41,4278.46,4591.28,4319.49,0
4264.1,3965.13,4243.59,4263.08,4602.05,4342.05,1
4241.03,4003.59,4230.26,4245.13,4553.33,4301.54,0
4316.92,4035.38,4272.31,4293.33,4622.56,4370.26,1
4287.69,3992.31,4260,4276.92,4619.49,4356.92,1
4288.21,4004.1,4259.49,4269.74,4572.82,4349.74,1
4299.49,4055.9,4267.18,4279.49,4610.26,4352.31,0
4405.13,4038.46,4276.92,4308.21,4680,4482.05,1
4277.44,3969.74,4264.1,4287.69,4596.41,4346.67,0
4283.08,4027.69,4258.97,4266.15,4572.31,4327.18,0
4287.18,3989.23,4265.13,4276.92,4588.21,4345.13,1
4287.69,4010.26,4250.77,4268.21,4588.72,4360.51,1
4288.21,4022.56,4267.18,4270.26,4590.26,4363.59,1
4285.64,3997.95,4258.97,4280.51,4626.67,4352.31,0
4299.49,4053.85,4289.23,4291.28,4620.51,4356.92,0
4356.41,4011.28,4300,4314.36,4610.77,4390.77,1
4275.38,3994.36,4245.13,4265.13,4605.13,4354.87,0
4315.9,4052.82,4280,4276.92,4607.69,4354.36,1
4298.46,4012.82,4257.44,4265.64,4578.97,4358.97,1
4308.21,4025.64,4260,4274.87,4612.31,4355.38,1
4366.15,3940.51,4251.79,4326.67,4774.36,4477.44,1
4309.23,4007.69,4267.69,4290.77,4618.97,4367.18,0
4333.33,4069.74,4301.03,4301.54,4607.18,4381.03,0
4229.74,4024.1,4230.26,4227.69,4454.36,4247.69,0
4285.64,4021.03,4264.62,4296.41,4621.54,4348.72,1
4275.9,3984.62,4261.54,4254.87,4587.18,4348.72,0
4288.21,4004.62,4252.82,4281.03,4633.33,4356.41,1
4274.87,3985.13,4247.69,4267.18,4603.59,4336.41,0
4282.05,3993.85,4249.23,4255.38,4577.95,4334.87,1
4333.85,3985.64,4262.05,4285.13,4664.1,4403.08,0
4286.15,4005.13,4261.03,4268.72,4602.05,4342.56,0
4298.46,4024.1,4262.05,4266.67,4567.18,4350.77,1
4291.79,4020.51,4257.44,4252.31,4586.67,4345.13,1
4296.92,4003.08,4273.33,4274.87,4601.54,4364.62,0
4244.1,4001.54,4240.51,4244.1,4539.49,4296.92,0
4268.72,3980,4247.69,4274.36,4589.74,4341.54,1
4294.36,4004.62,4276.41,4289.23,4597.95,4359.49,0
4295.9,4051.28,4252.82,4278.46,4613.33,4356.41,0
4362.56,3988.72,4263.59,4292.31,4620,4416.92,1
4380.51,4004.1,4264.62,4297.44,4645.13,4435.9,1
4278.97,3962.05,4251.79,4278.97,4588.21,4347.69,1
4261.54,3973.33,4265.13,4266.67,4583.59,4328.72,0
4299.49,4049.23,4266.67,4278.46,4614.36,4350.26,0
4296.92,4003.59,4265.13,4272.82,4593.33,4355.38,1
4271.28,3993.33,4243.59,4255.38,4609.74,4327.69,1
4318.97,4028.21,4266.67,4287.69,4608.72,4383.59,0
4372.31,4051.28,4337.44,4346.15,4691.79,4447.69,1
4314.87,4049.74,4261.03,4267.18,4597.44,4346.67,0
4293.33,3994.87,4254.36,4252.82,4597.95,4347.69,0
4241.54,3966.15,4245.64,4253.85,4522.05,4292.31,0
4305.13,4026.15,4262.05,4267.18,4606.15,4356.92,1
4288.21,4040,4249.23,4262.05,4593.85,4335.38,0
4390.26,4085.13,4350.26,4365.64,4696.41,4447.69,0
4280.51,3977.95,4261.54,4260,4582.05,4335.38,0
4310.26,4057.44,4272.31,4271.79,4609.74,4347.69,0
4307.69,4023.08,4273.33,4291.28,4622.56,4377.95,0
4303.08,4028.72,4261.54,4281.03,4618.97,4360.51,1
4277.44,4003.59,4246.15,4259.49,4590.77,4327.69,0
4294.87,4006.67,4260.51,4277.95,4597.95,4355.9,1
4276.92,3990.77,4247.69,4261.54,4597.95,4338.46,0
4318.46,4016.92,4267.18,4272.31,4623.08,4361.03,1
4313.85,4018.97,4266.15,4283.59,4584.1,4375.38,0
4289.23,4004.1,4239.49,4274.36,4643.08,4368.72,1
4290.26,4016.41,4257.95,4271.79,4578.97,4352.31,1
4278.46,3994.36,4252.82,4269.23,4589.23,4355.38,0
4278.46,3953.85,4244.1,4282.05,4635.9,4384.62,1
4474.87,4152.82,4291.79,4330.26,4700.51,4501.03,0
4322.56,4006.67,4263.08,4272.31,4606.67,4380.51,0
4262.56,3969.74,4244.1,4262.56,4598.46,4338.46,1
4335.38,4024.1,4294.87,4301.03,4630.77,4405.13,1
4284.62,3993.85,4260,4269.23,4602.05,4346.15,0
4290.26,4000.51,4258.97,4274.36,4614.36,4349.23,0
4348.72,4028.72,4283.08,4276.92,4616.41,4389.23,0
4292.82,3995.38,4265.64,4283.59,4587.69,4351.79,1
4282.05,3988.72,4261.54,4280,4604.1,4358.46,0
4264.62,4003.59,4260,4272.31,4557.95,4338.97,1
4276.92,3988.21,4252.82,4265.13,4584.1,4343.08,0
4288.72,3998.97,4264.62,4284.1,4589.74,4357.95,0
4281.54,4026.15,4248.21,4270.26,4577.95,4317.95,0
4255.9,3961.03,4258.97,4265.13,4576.41,4320,0
4307.18,4009.74,4246.67,4264.1,4600.51,4351.28,0
4315.9,3988.72,4261.03,4286.67,4595.9,4378.46,1
4303.59,4006.67,4244.62,4290.26,4613.85,4376.92,0
4333.85,4057.44,4280,4276.41,4594.36,4368.21,1
4291.28,4013.33,4260.51,4271.28,4594.87,4339.49,1
4450.26,4104.1,4313.33,4315.9,4647.69,4473.85,0
4291.79,3998.97,4260,4284.1,4629.74,4365.13,1
4305.13,4048.72,4263.59,4276.92,4614.87,4355.9,0
4277.95,4005.64,4249.74,4278.46,4623.59,4347.69,1
4321.03,3968.72,4252.31,4297.95,4702.05,4417.44,1
4324.1,4022.05,4287.18,4307.69,4636.41,4390.77,0
4298.97,4027.18,4270.77,4267.18,4611.28,4351.28,1
4313.33,4015.38,4269.74,4289.74,4609.74,4385.64,0
4288.21,3981.03,4256.41,4270.77,4606.15,4351.28,0
4283.59,3995.9,4243.08,4263.59,4585.64,4354.36,1
4332.31,4013.85,4305.64,4305.64,4619.49,4379.49,1
4315.9,3996.92,4273.85,4286.67,4591.28,4364.1,1
4295.38,3997.44,4245.13,4270.77,4609.23,4345.64,0
4290.26,4016.92,4264.62,4268.72,4602.05,4335.9,1
4291.28,3992.82,4263.59,4267.69,4584.1,4336.92,1
4282.56,3976.92,4263.08,4286.15,4609.74,4356.92,0
4311.79,4007.18,4267.69,4273.33,4607.69,4370.26,1
4303.08,4003.59,4267.18,4280,4600,4346.15,0
4295.38,4064.1,4278.46,4276.41,4579.49,4327.69,0
4314.36,4009.23,4288.72,4306.67,4624.62,4386.67,1
4297.44,4049.74,4264.62,4273.33,4600,4347.18,0
4293.33,4000,4264.1,4276.41,4598.97,4354.87,1
4313.33,4013.85,4264.1,4273.85,4615.38,4364.1,1
4318.46,3917.95,4250.26,4313.85,4730.26,4432.82,1
4302.05,3995.9,4262.56,4296.92,4633.85,4369.74,0
4312.82,4004.62,4269.74,4287.18,4618.97,4371.28,0
4260,3988.72,4238.46,4258.97,4593.33,4328.21,1
4281.54,4028.21,4262.56,4264.1,4620,4349.74,1
4280.51,3984.62,4256.41,4279.49,4599.49,4354.36,0
4328.72,4021.54,4289.23,4309.74,4636.41,4391.79,0
4284.1,4012.31,4254.87,4261.54,4579.49,4332.31,0
4305.64,4016.41,4273.33,4280,4613.33,4365.64,1
4280.51,4017.44,4247.18,4263.59,4591.79,4334.87,0
4359.49,4047.18,4274.87,4294.36,4621.03,4397.44,0
4302.05,4015.9,4250.26,4275.9,4596.41,4367.18,0
4276.92,3940,4247.69,4303.08,4654.36,4365.13,1
4279.49,3986.15,4260.51,4261.03,4588.21,4350.77,1
4312.31,4005.13,4268.72,4290.77,4627.18,4368.72,0
4281.54,3981.03,4262.05,4272.31,4583.59,4331.28,0
4272.31,4022.56,4245.64,4257.95,4621.54,4335.9,1
4329.74,4018.46,4263.59,4290.26,4636.41,4396.41,0
4404.62,4041.54,4290.77,4316.41,4674.87,4470.26,1
4314.36,4013.85,4282.56,4297.44,4614.36,4372.31,0
4283.59,3989.74,4264.1,4274.87,4605.13,4350.26,0
4420,4108.72,4297.44,4294.36,4606.67,4451.28,0
4292.31,4012.31,4252.82,4260.51,4589.23,4324.62,1
4276.41,3992.82,4262.05,4265.64,4590.26,4334.36,1
4293.85,3997.44,4250.77,4279.49,4608.72,4354.36,0
4289.74,4038.46,4245.64,4248.72,4583.59,4328.21,0
4276.41,3987.18,4238.97,4265.64,4588.21,4342.05,1
4307.69,4007.18,4245.64,4282.56,4607.18,4380.51,0
4312.82,4005.64,4276.41,4291.28,4614.36,4377.44,1
4275.9,4053.85,4249.74,4258.46,4562.56,4314.87,0
4274.87,4055.38,4272.82,4261.54,4554.87,4306.15,0
4277.95,3986.67,4257.95,4274.87,4604.62,4350.26,0
4304.1,4037.44,4245.13,4271.28,4615.9,4354.87,1
4298.46,4012.82,4272.82,4273.33,4603.59,4358.46,1
4280,3984.1,4231.79,4264.62,4598.97,4333.33,0
4390.77,4114.36,4306.15,4297.44,4579.49,4430.26,1
4296.92,4009.74,4268.21,4281.54,4606.67,4373.85,1
4321.03,4028.21,4263.59,4285.13,4606.15,4390.26,0
4286.15,3983.59,4263.59,4262.56,4573.33,4354.36,1
4295.9,4008.72,4265.13,4276.92,4603.08,4360,1
4316.41,4000,4269.23,4282.05,4591.79,4356.41,1
4267.18,3970.77,4243.59,4269.23,4586.67,4339.49,1
4322.05,4043.08,4282.05,4293.85,4629.23,4378.46,1
4280.51,3991.28,4255.9,4278.97,4601.03,4337.44,1
4344.62,4023.59,4302.56,4305.64,4618.97,4389.74,1
4423.59,4070.26,4293.85,4306.15,4713.85,4494.36,0
4277.95,3976.92,4244.62,4272.82,4607.18,4345.64,1
4303.59,3988.72,4262.56,4291.28,4651.28,4390.77,1
4282.05,4008.72,4271.79,4280.51,4620,4336.41,1
4338.46,3980.51,4268.21,4294.36,4629.23,4405.13,1
4291.79,3993.33,4263.08,4272.31,4585.13,4347.18,1
4285.13,4004.1,4246.15,4262.05,4586.67,4354.36,1
4288.72,4008.21,4243.59,4260,4598.46,4335.9,0
4266.67,3973.85,4230.77,4267.69,4596.41,4335.9,0
4298.97,4015.9,4265.64,4274.36,4614.36,4363.08,0
4306.67,3999.49,4247.69,4271.79,4602.56,4370.26,1
4283.59,3980.51,4261.54,4286.15,4609.23,4356.41,0
4288.72,4003.08,4250.77,4267.18,4596.92,4351.79,0
4314.36,4000,4265.64,4278.97,4601.54,4356.92,1
4257.95,4012.82,4230.77,4251.79,4546.15,4294.87,0
4280,3998.46,4252.31,4278.46,4612.82,4336.41,1
4277.95,3990.26,4240,4273.85,4589.23,4347.69,1
4275.38,3991.28,4244.62,4259.49,4596.92,4327.18,1
4284.1,4003.08,4261.03,4274.36,4600,4363.59,1
4293.33,3990.77,4251.28,4262.05,4606.67,4338.97,0
4302.56,4033.85,4261.03,4267.18,4584.62,4343.08,1
4297.44,3998.97,4267.18,4283.59,4621.03,4353.85,0
4408.21,4038.46,4289.23,4307.18,4692.31,4467.69,0
4306.15,4040,4255.9,4281.03,4601.54,4356.92,0
4303.59,4034.36,4247.69,4276.41,4600,4351.28,0
4282.05,4000,4260.51,4270.26,4605.64,4348.72,0
4286.67,3937.44,4246.67,4271.28,4593.85,4342.05,0
4313.33,4025.64,4277.44,4266.67,4595.38,4371.79,0
4284.62,4008.72,4262.56,4270.26,4606.15,4347.69,1
4445.13,4140.51,4307.18,4309.23,4632.82,4466.15,0
4274.87,3977.44,4266.67,4273.33,4583.08,4336.92,0
4292.82,4001.03,4246.15,4282.05,4626.67,4365.64,0
4303.59,4055.38,4261.03,4284.1,4609.23,4350.26,0
4276.92,3976.41,4260.51,4288.72,4611.28,4347.18,0
4295.9,3997.44,4255.9,4269.23,4597.44,4348.72,0
4310.77,4027.69,4264.62,4270.26,4604.62,4364.1,1
4290.26,4009.23,4263.59,4274.87,4613.85,4377.95,1
4314.87,4014.36,4272.31,4273.85,4593.85,4353.85,0
4263.08,3958.97,4230.77,4262.05,4572.31,4320,0
4277.44,3977.95,4246.67,4262.56,4609.23,4336.41,0
4297.44,3994.87,4263.59,4286.15,4618.46,4368.21,0
4305.64,4010.77,4266.15,4288.72,4618.46,4371.79,1
4314.36,4028.72,4248.21,4256.41,4574.87,4363.08,1
4287.69,4004.1,4260.51,4279.49,4606.15,4357.95,0
4278.46,3995.38,4239.49,4254.36,4576.92,4351.28,1
4287.69,4004.62,4263.59,4279.49,4604.62,4351.79,0
4274.36,3985.13,4248.72,4275.38,4583.08,4355.38,0
4291.28,3994.36,4262.05,4287.69,4607.18,4358.46,0
4297.95,4028.21,4264.1,4271.79,4588.72,4358.97,1
4276.41,4002.56,4236.92,4281.03,4618.46,4339.49,1
4318.46,4039.49,4266.15,4288.21,4621.54,4368.21,1
4270.26,3986.67,4260,4277.95,4600,4350.26,0
4266.67,3992.31,4248.72,4265.13,4586.15,4338.46,0
4308.72,4042.05,4273.33,4272.82,4603.59,4350.26,1
4313.33,4011.28,4278.46,4278.46,4606.67,4369.23,1
4270.77,3988.21,4241.54,4273.33,4605.64,4345.64,1
4294.87,3994.87,4265.13,4280,4614.36,4346.15,0
4288.21,3976.92,4262.05,4271.79,4591.28,4342.05,0
4274.36,3980.51,4250.77,4261.54,4609.23,4340,0
4337.95,4061.54,4288.21,4284.1,4591.79,4384.1,1
4272.82,4004.1,4261.54,4266.15,4582.56,4332.82,0
4311.79,4050.77,4293.85,4301.03,4612.82,4365.64,0
4289.74,4019.49,4248.72,4256.41,4586.15,4354.36,1
4298.46,4053.85,4273.85,4278.46,4606.67,4337.44,0
4284.62,3993.85,4260.51,4258.97,4587.69,4330.26,1
4363.59,3996.92,4285.13,4302.56,4640,4413.85,1
4300,4006.67,4256.41,4286.67,4623.59,4360,0
4270.26,3980,4248.72,4268.72,4585.64,4332.31,0
4299.49,4007.69,4281.03,4280,4606.67,4369.74,0
4417.95,4091.28,4282.05,4292.82,4613.85,4445.64,0
4289.74,3994.36,4266.15,4274.87,4598.97,4355.38,1
4286.67,4008.72,4252.31,4269.23,4606.15,4348.21,0
4410.77,4045.64,4292.82,4307.18,4672.82,4456.92,0
4356.41,4046.15,4347.69,4315.9,4657.95,4412.31,0
4273.33,3993.33,4259.49,4266.15,4585.13,4347.69,1
4273.85,3975.38,4252.82,4263.59,4593.85,4346.67,0
4305.64,4007.18,4265.64,4286.15,4615.9,4356.41,0
4320.51,4045.13,4264.1,4295.9,4633.33,4374.36,1
4412.82,3982.05,4278.97,4346.15,4796.92,4526.15,1
4285.13,3995.9,4249.74,4249.23,4588.72,4342.05,0
4280,3996.92,4247.18,4262.56,4619.49,4343.59,1
4301.54,4025.13,4258.97,4278.97,4593.33,4349.23,0
4269.74,4022.05,4245.64,4252.31,4561.03,4317.95,0
4264.62,4023.08,4235.9,4248.72,4559.49,4317.44,0
4251.79,4015.38,4231.28,4255.9,4546.67,4290.77,0
4288.72,3993.85,4257.95,4289.74,4630.26,4371.79,0
4287.69,4007.69,4270.26,4255.38,4593.85,4354.87,0
4268.72,4022.56,4262.05,4263.59,4602.56,4330.26,1
4280.51,4027.69,4264.62,4278.97,4608.72,4346.15,0
4302.56,4023.08,4277.44,4280.51,4608.72,4363.59,0
4291.28,4009.23,4243.59,4276.41,4592.82,4348.21,0
4412.82,4112.82,4385.64,4393.85,4710.77,4464.62,0
4302.56,4013.85,4265.13,4274.36,4576.92,4346.15,0
4282.05,4016.92,4247.18,4261.03,4592.31,4341.54,0
4265.64,3973.85,4229.74,4262.56,4603.59,4347.69,1
4313.33,3954.36,4249.74,4291.79,4683.08,4405.64,1
4318.46,4020.51,4252.82,4294.87,4613.85,4395.9,0
4304.1,4059.49,4265.13,4270.26,4613.33,4345.13,0
4297.44,4020,4263.59,4278.46,4594.36,4366.67,0
4297.95,4040.51,4280,4287.18,4599.49,4351.79,0
4389.23,4092.82,4295.9,4290.26,4570.26,4407.18,1
4302.56,3992.31,4268.72,4284.1,4593.85,4350.77,0
4354.36,4017.95,4281.54,4292.82,4637.95,4420.51,1
4284.62,3968.72,4236.41,4270.77,4604.1,4363.59,1
4339.49,4011.28,4294.87,4301.54,4634.36,4390.26,1
4287.18,3973.85,4266.67,4286.67,4624.62,4382.05,1
4311.28,4001.54,4254.36,4287.69,4622.56,4382.56,1
4344.1,4047.69,4262.56,4282.56,4605.13,4391.79,0
4255.9,3979.49,4241.03,4257.44,4589.23,4324.1,1
4319.49,4018.97,4269.74,4271.28,4606.67,4358.46,1
4297.44,4041.03,4253.33,4262.05,4592.82,4345.13,0
4305.13,4004.62,4263.59,4287.18,4598.97,4354.87,0
4291.28,3994.36,4255.38,4265.13,4611.28,4348.72,0
4287.69,4019.49,4250.77,4261.54,4601.54,4347.69,0
4286.15,3960.51,4261.54,4275.38,4618.46,4358.46,0
4278.46,4016.41,4263.59,4260.51,4570.77,4338.97,1
4299.49,3972.31,4260,4292.82,4607.69,4382.05,1
4323.08,4028.72,4269.23,4291.79,4613.33,4391.79,0
4422.05,4084.62,4280,4305.64,4649.23,4470.26,0
4295.9,4002.56,4248.21,4255.9,4566.67,4346.15,1
4342.05,3976.41,4270.26,4320,4653.85,4404.62,1
4288.21,4008.21,4261.54,4266.67,4581.03,4362.56,1
4316.41,4020,4286.15,4302.05,4617.95,4379.49,0
4282.05,3988.21,4252.82,4274.36,4607.18,4340,0
4440.51,4074.36,4296.92,4314.87,4677.95,4477.95,0
4327.69,3985.13,4279.49,4289.74,4637.95,4398.46,1
4321.54,4019.49,4281.03,4285.13,4615.9,4380.51,1
4316.92,3989.23,4274.36,4295.38,4614.36,4373.85,0
4375.9,4085.13,4332.31,4351.28,4680,4433.85,0
4285.13,4025.64,4279.49,4286.67,4551.79,4346.15,1
4287.69,4018.97,4264.1,4271.28,4594.36,4366.67,0
4278.97,3987.69,4243.08,4265.64,4592.82,4329.23,1
4267.69,3947.69,4217.95,4250.77,4562.05,4321.54,1
4307.18,3994.36,4260,4271.28,4567.18,4358.46,1
4291.28,3988.21,4263.08,4273.33,4595.9,4358.97,1
4383.59,3994.87,4301.03,4319.49,4672.31,4452.31,1
4283.59,3982.05,4247.69,4269.74,4588.72,4351.79,0
4349.23,4052.82,4322.56,4319.49,4671.79,4427.18,1
4315.9,4034.36,4269.23,4269.74,4579.49,4366.67,1
4277.95,4005.64,4265.64,4270.26,4597.95,4332.31,0
4332.82,4017.95,4289.74,4297.95,4639.49,4382.05,1
4278.46,3980,4263.59,4281.03,4598.46,4346.15,0
4289.23,3973.85,4261.54,4269.23,4577.95,4358.97,1
4294.36,4044.1,4258.97,4265.64,4602.05,4342.56,0
4258.97,3979.49,4245.13,4273.33,4589.23,4334.36,0
4278.46,3978.97,4247.69,4271.28,4610.26,4347.18,0
4284.62,3998.46,4251.79,4280.51,4598.97,4350.77,0
4284.62,4000.51,4252.31,4273.33,4587.69,4359.49,1
4298.97,3992.82,4265.13,4268.21,4598.97,4355.38,0
4306.67,4012.82,4260.51,4264.1,4590.26,4345.64,0
4293.85,4002.05,4265.64,4277.44,4579.49,4344.62,1
4277.44,4023.08,4255.9,4278.97,4614.87,4338.97,1
4267.69,3973.33,4247.69,4261.03,4572.31,4334.36,1
4296.92,4000,4263.08,4282.05,4590.26,4368.21,1
4342.05,4071.28,4293.85,4302.05,4593.85,4383.59,1
4319.49,3981.54,4278.46,4295.38,4622.05,4392.31,1
4322.56,4049.23,4264.62,4298.97,4638.46,4376.92,1
4297.44,4000,4265.13,4266.67,4595.38,4352.82,0
4402.05,4078.46,4334.36,4334.36,4646.15,4426.67,1
4283.08,3994.36,4260,4257.44,4596.41,4328.72,1
4277.95,4006.67,4247.18,4252.82,4583.08,4322.56,1
4311.79,4012.31,4267.18,4288.21,4628.21,4376.92,1
4267.69,3978.97,4246.67,4260.51,4591.79,4330.26,0
4311.79,4007.18,4250.77,4262.05,4615.38,4381.03,0
4301.54,3963.08,4245.13,4267.69,4602.56,4353.85,1
4298.46,4001.54,4262.56,4273.33,4608.72,4362.05,1
4302.05,4000.51,4244.62,4263.59,4592.82,4358.97,1
4401.54,4091.28,4293.85,4286.15,4570.26,4413.85,1
4313.33,4006.67,4265.64,4282.56,4617.95,4380.51,1
4277.95,3972.31,4260.51,4265.13,4589.23,4348.72,0
4278.97,4013.85,4262.56,4271.79,4570.26,4347.69,0
4296.41,3992.31,4246.67,4279.49,4626.67,4364.62,0
4305.64,4012.82,4271.28,4289.23,4622.56,4372.31,1
4311.79,4016.41,4277.44,4282.05,4607.18,4368.72,1
4405.13,4091.79,4365.64,4381.54,4708.72,4460.51,0
4316.92,3968.21,4253.33,4272.31,4613.33,4382.56,1
4271.79,4031.79,4244.1,4248.72,4563.08,4323.59,0
4393.85,4063.59,4302.05,4303.08,4642.05,4425.64,1
4277.44,4007.18,4262.05,4276.41,4596.41,4342.56,0
4407.69,4047.18,4277.95,4303.08,4674.87,4472.31,1
4226.67,3992.31,4230.26,4245.13,4537.95,4274.87,0
4293.33,4003.59,4248.72,4275.9,4598.46,4357.95,0
4274.36,3999.49,4244.62,4267.69,4609.23,4341.54,0
4270.26,3964.1,4245.64,4274.87,4585.13,4335.9,1
4318.46,4025.13,4295.38,4296.92,4623.08,4377.95,1
4309.23,4007.18,4263.08,4283.59,4611.79,4360,1
4311.79,3997.95,4264.1,4278.46,4606.15,4366.15,0
4283.08,3941.03,4250.77,4267.18,4592.31,4340,0
4376.92,4047.69,4322.05,4323.59,4612.31,4403.59,1
4285.13,4002.05,4257.44,4267.18,4584.1,4346.15,1
4301.54,4006.67,4273.33,4286.15,4619.49,4366.15,1
4288.21,4040,4256.92,4270.26,4609.74,4344.1,0
4317.95,4014.87,4278.97,4275.38,4603.08,4363.59,1
4279.49,3988.72,4254.87,4256.41,4590.26,4343.59,0
4274.87,4049.74,4262.56,4256.41,4560.51,4297.44,0
4307.18,4007.18,4269.74,4287.18,4628.21,4385.13,1
4462.05,4136.92,4300.51,4303.08,4641.03,4478.97,0
4297.95,3975.38,4259.49,4283.08,4605.13,4354.87,0
4311.79,4001.03,4280.51,4286.15,4602.56,4369.23,1
4249.23,4008.21,4234.87,4251.28,4558.46,4311.79,0
4312.31,4005.64,4279.49,4294.87,4631.79,4370.77,0
4296.92,3996.92,4260.51,4281.54,4580.51,4343.08,0
4300,4010.26,4260,4265.13,4581.54,4360.51,1
4280.51,3993.33,4262.56,4276.41,4585.13,4349.74,0
4275.9,3991.79,4251.79,4258.97,4594.87,4335.9,0
4317.95,4008.21,4266.15,4286.67,4620,4378.97,1
4312.82,4004.1,4275.9,4283.59,4613.33,4373.33,1
4243.59,4011.79,4262.05,4251.28,4501.03,4268.72,0
4344.62,3991.79,4263.59,4290.77,4623.08,4410.26,1
4284.1,3992.82,4262.56,4253.85,4589.23,4337.44,0
4330.77,3990.26,4287.18,4304.62,4626.15,4393.33,1
4298.46,3998.46,4251.28,4268.21,4590.77,4348.72,0
4272.31,4018.46,4255.9,4268.21,4597.44,4326.67,0
4289.23,3997.44,4268.21,4274.87,4606.15,4343.08,0
4283.08,4071.79,4275.38,4266.67,4558.97,4306.15,0
4302.05,3991.79,4264.1,4278.97,4612.82,4354.36,0
4310.77,4004.62,4274.87,4277.44,4617.44,4370.77,1
4303.59,4005.64,4266.15,4271.79,4595.9,4351.79,0
4305.13,4021.03,4270.77,4279.49,4617.44,4365.64,1
4301.54,4005.64,4251.28,4269.74,4603.59,4353.85,0
4292.82,4016.92,4251.79,4286.67,4626.67,4345.13,1
4337.44,4040,4322.56,4304.1,4627.18,4387.69,0
4303.08,4055.38,4265.64,4280,4603.08,4357.95,0
4314.87,4021.03,4283.59,4283.08,4607.69,4369.23,1
4314.36,4022.05,4286.15,4289.74,4613.85,4375.38,0
4294.36,4055.9,4265.13,4274.36,4611.28,4351.28,0
4299.49,4007.69,4265.64,4268.72,4608.72,4370.26,0
4290.26,4005.13,4255.38,4274.36,4602.56,4355.38,0
4302.56,4057.95,4263.59,4270.26,4610.77,4349.23,0
4278.46,3996.41,4252.31,4280,4615.9,4355.38,1
4289.74,3995.9,4277.95,4297.95,4599.49,4355.38,0
4310.26,4032.31,4264.1,4284.62,4619.49,4363.08,1
4272.82,3962.56,4254.87,4254.36,4584.1,4336.41,0
4292.31,3986.67,4255.38,4281.54,4594.36,4368.21,0
4355.38,3984.62,4279.49,4325.13,4675.9,4429.74,1
4294.36,3974.36,4261.03,4286.15,4635.38,4384.1,1
4292.31,4016.92,4264.62,4277.95,4595.9,4346.67,0
4311.28,4016.92,4280,4280,4601.54,4376.92,0
4278.97,3995.9,4242.05,4262.56,4615.9,4334.87,1
4298.46,4001.54,4268.72,4284.1,4605.13,4372.31,0
4250.77,3989.23,4241.03,4248.21,4582.56,4315.38,0
4394.87,4020.51,4304.62,4330.77,4737.44,4493.85,1
4297.95,3991.79,4250.77,4272.31,4615.9,4362.56,0
4382.05,4011.79,4260,4304.62,4714.87,4472.31,1
4250.26,4010.26,4213.85,4248.72,4551.79,4296.92,0
4289.23,4027.69,4268.21,4279.49,4610.77,4348.21,1
4277.44,3986.15,4246.15,4269.74,4613.33,4348.72,0
4274.36,4021.54,4247.18,4267.18,4613.85,4331.79,1
4288.72,4018.46,4267.69,4270.77,4590.26,4336.92,1
4340.51,3921.54,4253.85,4326.67,4745.13,4453.85,1
4270.26,3974.36,4247.69,4272.82,4599.49,4346.67,1
4284.1,4011.28,4253.33,4275.38,4593.33,4340.51,0
4304.1,4012.31,4267.69,4285.13,4604.1,4374.87,1
4277.44,4009.23,4258.97,4269.23,4616.41,4341.54,0
4283.59,4025.13,4263.08,4277.95,4625.13,4343.59,1
4308.72,4000,4263.08,4277.95,4616.92,4366.67,0
4389.74,4075.9,4352.31,4356.92,4711.28,4462.05,1
4272.31,3999.49,4252.82,4268.72,4580,4323.08,0
4296.41,4014.36,4257.95,4267.18,4603.08,4344.1,1
4283.08,3981.03,4252.82,4260.51,4601.03,4351.79,0
4298.97,3992.82,4262.05,4268.21,4604.62,4362.05,0
4424.1,4092.82,4291.79,4298.46,4654.36,4461.03,0
4295.38,3997.44,4261.54,4264.62,4601.54,4348.21,1
4311.79,4041.03,4260.51,4279.49,4618.46,4367.18,1
4272.82,3955.9,4261.54,4272.82,4591.28,4329.74,1
4354.36,4054.36,4329.74,4309.74,4657.44,4416.41,0
4290.26,4014.87,4251.28,4266.67,4621.54,4351.79,1
4288.21,3999.49,4269.23,4275.38,4593.33,4353.85,1
4280,3986.15,4253.33,4271.28,4588.21,4353.85,0
4310.26,4021.03,4260,4289.74,4612.31,4382.05,0
4300.51,4010.77,4251.28,4267.69,4592.82,4350.26,0
4269.23,4003.08,4255.38,4261.03,4596.92,4332.31,0
4277.44,4008.21,4234.36,4251.79,4592.82,4329.74,0
4282.05,3998.46,4238.46,4260,4590.77,4351.79,1
4293.33,4021.54,4252.82,4254.36,4592.31,4359.49,1
4294.36,3989.74,4262.05,4273.33,4598.97,4356.92,0
4292.82,3957.95,4241.03,4267.18,4590.77,4350.77,1
4306.67,4014.36,4265.64,4276.92,4603.59,4358.46,0
4311.28,4037.95,4278.46,4293.33,4622.56,4362.05,0
4292.82,4012.82,4261.03,4267.18,4583.08,4362.05,1
4302.56,4020,4260.51,4282.56,4596.92,4351.79,0
4264.1,4034.36,4243.59,4246.67,4583.59,4324.1,0
4363.59,4052.31,4358.97,4330.26,4673.85,4416.41,0
4284.1,4001.03,4264.62,4278.46,4600,4363.59,1
4300.51,4004.62,4259.49,4271.79,4599.49,4354.87,0
4285.64,4025.13,4260.51,4276.92,4624.62,4351.28,1
4290.26,4045.64,4249.74,4254.87,4595.38,4338.46,0
4288.72,4013.85,4257.44,4279.49,4613.85,4349.23,0
4293.85,4004.1,4263.08,4266.67,4611.28,4358.97,0
4281.03,3990.77,4249.23,4269.23,4608.21,4336.41,0
4292.31,4010.26,4257.95,4265.13,4597.95,4341.54,0
4314.36,4000.51,4278.46,4297.44,4624.1,4371.28,0
4257.44,3988.21,4240.51,4260,4573.33,4306.15,0
4277.95,4009.23,4249.23,4266.15,4593.33,4336.41,0
4297.44,4043.08,4267.69,4282.56,4609.23,4355.9,0
4300,4007.18,4284.62,4268.72,4592.31,4363.59,0
4297.95,4016.41,4271.28,4260.51,4591.28,4361.54,0
4208.72,3967.18,4214.36,4228.21,4526.67,4265.13,1
4286.15,3996.41,4251.79,4277.95,4620,4336.92,1
4304.62,4008.72,4263.08,4267.69,4633.33,4381.54,1
4282.56,3994.87,4267.18,4282.05,4605.13,4355.9,0
4309.23,4029.74,4278.97,4288.72,4610.26,4352.82,0
4222.05,4064.62,4231.79,4218.97,4480,4233.33,0
4329.74,3975.38,4264.62,4286.15,4612.82,4381.03,1
4279.49,4000.51,4262.56,4275.38,4610.77,4352.82,1
4303.59,3983.08,4259.49,4301.54,4622.05,4373.33,1
4294.87,4015.9,4261.54,4265.64,4600,4349.74,1
4206.67,3957.44,4215.9,4248.21,4536.92,4272.31,0
4280.51,4017.95,4250.26,4264.62,4594.87,4338.46,0
4333.85,3964.62,4261.03,4295.9,4690.77,4431.79,1
4282.05,3976.41,4250.26,4260,4586.67,4336.92,0
4273.33,3997.44,4254.36,4274.36,4591.28,4352.31,0
4367.18,4017.95,4273.85,4304.62,4654.87,4443.08,1
4275.9,4022.56,4248.72,4261.54,4585.13,4334.87,0
4304.1,3975.9,4269.74,4288.21,4639.49,4389.74,1
4306.67,4010.77,4268.72,4278.97,4637.44,4390.26,1
4317.95,4015.9,4281.03,4295.38,4624.1,4382.56,1
4306.15,4013.33,4268.72,4281.03,4593.33,4368.72,1
4366.15,4004.62,4295.38,4317.44,4717.44,4465.64,1
4292.82,3980,4250.77,4268.72,4579.49,4341.03,0
4316.41,4021.54,4271.28,4284.62,4617.95,4374.36,0
4310.77,4059.49,4263.59,4277.44,4623.59,4368.72,0
4283.08,3974.36,4250.26,4256.41,4591.28,4341.03,0
4314.36,4042.05,4265.13,4293.85,4620,4373.33,1
4275.9,4016.92,4274.87,4274.36,4544.62,4329.23,1
4269.74,4017.95,4234.36,4251.79,4605.64,4335.38,1
4308.21,4026.15,4254.36,4278.97,4615.9,4367.69,0
4255.38,4042.56,4263.59,4265.64,4599.49,4306.67,0
4292.31,4027.18,4246.67,4269.74,4585.64,4343.59,0
4278.46,4028.21,4247.69,4262.05,4596.92,4342.56,0
4301.54,4008.72,4263.59,4285.13,4579.49,4358.97,1
4294.87,4017.95,4258.97,4262.56,4574.36,4350.26,1
4282.56,3962.56,4236.41,4283.08,4607.18,4367.69,1
4292.31,4000,4250.77,4271.28,4602.05,4360,1
4295.9,3991.79,4261.03,4278.97,4577.95,4347.18,0
4269.74,3965.13,4237.95,4257.44,4585.13,4328.72,1
4298.97,3992.82,4268.72,4267.69,4601.03,4365.64,0
4293.85,4020,4249.23,4253.33,4577.44,4349.74,1
4220,3974.36,4234.36,4248.21,4547.69,4285.13,0
4347.18,3980,4265.64,4283.59,4600,4393.85,1
4265.13,3990.26,4251.28,4267.69,4597.95,4341.03,1
4329.23,4015.9,4296.41,4296.41,4608.72,4376.92,1
4278.46,3992.82,4262.05,4290.77,4592.31,4348.72,0
4302.56,4011.79,4265.64,4280.51,4608.72,4360,1
4268.21,4029.23,4239.49,4252.31,4559.49,4314.36,0
4278.97,3991.28,4261.03,4262.56,4590.77,4338.97,1
4347.18,4048.21,4331.28,4310.77,4647.18,4404.1,0
4265.64,3966.67,4245.13,4267.69,4595.9,4336.41,1
4286.15,4019.49,4264.1,4275.9,4613.33,4349.74,1
4300,3979.49,4250.26,4286.15,4614.36,4363.08,1
4314.87,4025.64,4258.46,4283.08,4651.28,4380,1
4291.28,3967.18,4283.08,4296.41,4611.79,4341.03,0
4276.92,3973.33,4249.74,4272.31,4581.54,4335.38,0
4312.31,4013.85,4247.18,4290.26,4610.77,4387.69,0
4286.67,3994.87,4264.1,4271.79,4605.64,4346.15,0
4295.38,4047.18,4269.74,4273.33,4598.46,4343.08,0
4342.05,4074.36,4284.1,4290.77,4587.18,4385.13,1
4313.85,4013.33,4283.59,4297.95,4611.79,4377.44,1
4314.36,4008.21,4265.64,4284.62,4619.49,4378.97,1
4285.13,3994.36,4258.46,4284.1,4607.18,4353.33,0
4279.49,3992.31,4257.44,4270.26,4611.28,4332.82,0
4305.13,4002.56,4275.38,4282.05,4604.62,4368.72,1
4262.56,3959.49,4233.33,4256.92,4589.23,4336.92,1
4278.46,3999.49,4261.54,4272.31,4601.54,4343.59,0
4250.77,4007.18,4225.64,4247.18,4545.13,4301.54,0
4236.41,4011.28,4246.67,4235.9,4480.51,4258.97,0
4293.85,3995.9,4251.28,4277.95,4627.18,4362.05,0
4300,3998.46,4263.59,4283.08,4611.28,4374.87,1
4334.36,3982.05,4269.74,4290.77,4637.95,4408.72,1
4296.92,4000,4266.67,4276.92,4607.18,4356.41,1
4282.56,3993.33,4248.72,4269.23,4609.74,4347.69,1
4265.64,3975.9,4246.15,4272.31,4576.41,4337.95,1
4267.18,4012.31,4247.69,4260,4585.64,4326.67,0
4344.1,3973.33,4264.1,4314.36,4650.77,4407.69,1
4297.44,3986.15,4264.1,4285.64,4606.15,4367.18,0
4272.31,4010.26,4255.38,4263.08,4585.13,4326.15,0
4267.18,3981.54,4247.69,4260,4581.54,4338.46,1
4286.15,3995.9,4262.05,4268.21,4601.03,4339.49,0
4251.28,4038.46,4260,4261.03,4588.72,4303.08,0
4272.82,3941.54,4251.28,4278.97,4587.69,4342.56,1
4286.15,3988.72,4266.15,4286.15,4580.51,4353.85,1
4338.97,4033.85,4276.92,4290.77,4627.18,4393.33,0
4280.51,3978.97,4248.72,4271.79,4592.82,4343.08,1
4296.92,4062.05,4275.9,4279.49,4613.33,4354.87,0
4404.1,4048.21,4291.79,4300,4683.08,4455.9,0
4322.56,4014.36,4257.95,4270.77,4607.69,4369.74,0
4294.87,4035.38,4252.82,4271.79,4601.03,4356.92,0
4301.03,4053.33,4280,4285.13,4614.87,4355.38,0
4309.74,4005.13,4269.23,4291.79,4632.31,4375.38,0
4314.36,4003.59,4263.59,4279.49,4612.31,4374.87,1
4407.69,4108.21,4382.05,4381.03,4713.85,4461.03,0
4224.1,4055.9,4230.77,4224.1,4496.41,4244.62,0
4440,4134.36,4298.97,4295.9,4647.18,4478.97,0
4303.59,4017.95,4260,4265.13,4584.1,4352.31,1
4273.33,3987.69,4244.1,4254.87,4584.62,4332.82,1
4323.59,4054.36,4265.64,4287.69,4626.67,4373.85,1
4286.15,4006.67,4249.23,4274.36,4591.79,4348.72,1
4268.21,3981.03,4249.23,4272.82,4585.64,4329.23,0
4236.92,4020,4224.62,4236.92,4528.72,4279.49,0
4304.1,3993.85,4266.67,4287.18,4595.38,4373.85,0
4294.36,4024.62,4276.92,4278.97,4565.13,4352.31,1
4280.51,4018.46,4247.69,4263.08,4596.41,4348.72,0
4305.64,4002.05,4263.08,4281.03,4611.28,4360,1
4277.44,3986.15,4248.21,4265.13,4591.28,4350.26,0
4301.03,3978.97,4275.38,4288.72,4651.28,4398.46,1
4279.49,4012.31,4245.64,4264.1,4594.87,4329.74,0
4280.51,4002.05,4267.18,4270.77,4582.05,4339.49,0
4298.97,4010.26,4283.08,4269.23,4591.28,4350.77,0
4283.08,4000.51,4263.08,4265.64,4590.77,4348.21,1
4350.77,3988.21,4284.1,4297.95,4637.95,4399.49,1
4289.23,4025.64,4266.15,4283.08,4603.08,4345.64,1
4316.41,4011.79,4275.38,4281.03,4621.03,4376.92,1
4347.18,4045.13,4321.54,4303.59,4626.67,4392.82,0
4287.18,3997.95,4261.54,4276.41,4601.54,4369.23,1
4288.72,4000.51,4255.9,4270.77,4596.92,4356.41,0
4300,4058.46,4270.77,4269.74,4608.72,4353.33,0
4262.05,4010.77,4244.62,4253.33,4598.46,4322.05,1
4294.87,4012.31,4265.64,4281.54,4600,4360,1
4301.03,3958.97,4251.28,4276.92,4638.97,4374.87,1
4317.44,4025.13,4280,4288.72,4626.67,4383.08,1
4338.46,4049.74,4281.54,4281.54,4584.62,4378.97,1
4333.33,4026.67,4278.46,4288.72,4591.28,4373.85,0
4370.77,4049.74,4320,4330.26,4680,4429.23,1
4292.82,3998.97,4264.62,4269.74,4597.44,4348.72,0
4322.56,4007.18,4278.97,4298.46,4629.23,4384.62,0
4299.49,3973.85,4276.92,4289.74,4643.08,4392.31,1
4294.36,3991.79,4268.72,4274.36,4607.18,4342.05,0
4282.56,4004.62,4265.13,4268.72,4606.67,4341.54,1
4278.97,4027.69,4277.95,4290.26,4624.62,4352.31,0
4316.41,3905.64,4249.23,4323.59,4728.72,4433.33,1
4285.64,3991.79,4274.36,4289.74,4608.21,4337.95,0
4301.03,3994.36,4252.82,4260.51,4601.03,4366.67,0
4295.38,4045.13,4263.59,4260.51,4603.59,4336.92,0
4265.64,4007.18,4228.72,4253.33,4600,4323.59,1
4284.1,3982.05,4251.28,4275.9,4600.51,4361.54,1
4276.41,3976.92,4248.21,4277.95,4591.28,4349.74,1
4288.72,3990.77,4247.69,4265.64,4593.33,4346.67,0
4304.1,4043.59,4290.77,4292.31,4606.15,4347.18,0
4304.1,4009.74,4279.49,4290.26,4623.59,4364.62,1
4310.26,3995.9,4278.46,4295.38,4618.97,4376.92,0
4274.87,3995.9,4247.69,4261.03,4601.03,4345.13,0
4290.77,3986.67,4260,4290.26,4617.44,4358.97,1
4281.54,4007.69,4262.56,4270.26,4584.62,4356.41,0
4297.44,4004.1,4265.64,4283.59,4611.79,4363.59,1
4322.05,4007.18,4296.41,4304.62,4614.36,4377.44,1
4298.97,3991.79,4262.56,4283.59,4607.69,4367.69,1
4268.72,3968.72,4245.64,4268.21,4564.1,4325.64,1
4291.79,3993.33,4254.36,4288.72,4620,4352.31,1
4264.1,3994.36,4232.82,4258.97,4608.21,4332.82,0
4274.36,3971.28,4247.18,4256.41,4594.36,4344.1,0
4268.21,4015.9,4230.26,4263.08,4567.18,4330.77,0
4283.59,3981.03,4265.64,4270.26,4602.05,4344.62,0
4293.33,3987.69,4262.05,4275.9,4618.97,4363.59,0
4303.08,4014.36,4270.77,4290.26,4611.28,4368.72,0
4308.72,3990.77,4277.95,4289.23,4617.44,4371.28,0
4272.82,4014.36,4262.56,4284.1,4562.56,4313.85,1
4385.13,4033.85,4285.64,4311.79,4669.74,4458.46,1
4215.9,3967.69,4224.62,4248.21,4545.13,4284.62,0
4355.9,3985.13,4275.38,4310.77,4700,4450.26,1
4362.56,4047.18,4324.1,4332.31,4674.87,4417.44,1
4276.41,4009.23,4245.64,4261.03,4596.41,4330.26,0
4290.77,4001.54,4249.23,4252.82,4579.49,4347.69,1
4260.51,3980.51,4248.21,4261.54,4569.74,4313.85,0
4281.54,4002.05,4262.05,4274.87,4597.44,4339.49,0
4263.59,3986.15,4248.72,4267.18,4607.69,4326.15,1
4307.69,4042.05,4264.62,4276.41,4605.13,4363.08,1
4285.13,4007.69,4267.18,4271.28,4592.82,4354.87,0
4217.95,3965.64,4224.62,4242.56,4541.03,4281.54,0
4279.49,3976.41,4247.18,4269.74,4582.05,4341.03,1
4379.49,4031.28,4329.23,4331.28,4622.05,4409.23,1
4288.21,3997.44,4260.51,4275.38,4600.51,4351.28,1
4283.59,3980,4253.85,4256.92,4590.26,4347.18,0
4309.74,4037.95,4269.74,4273.85,4606.15,4375.9,1
4288.72,3974.87,4244.62,4262.05,4592.31,4345.13,0
4295.38,4014.87,4248.21,4273.33,4594.36,4349.74,0
4331.28,4006.15,4280.51,4285.13,4633.85,4384.1,1
4290.26,4016.41,4267.69,4273.33,4598.97,4347.18,0
4312.31,4031.79,4262.56,4267.18,4606.67,4358.46,1
4275.9,3990.77,4257.95,4275.9,4601.54,4343.08,0
4309.74,3992.82,4278.46,4292.31,4633.33,4390.77,1
4304.62,4034.87,4261.54,4277.44,4596.92,4367.18,1
4289.74,4012.82,4273.33,4282.05,4609.23,4352.31,0
4354.87,4041.03,4310.77,4321.03,4668.72,4417.44,1
4292.31,4017.44,4280,4280,4598.46,4355.38,0
4296.92,4005.64,4266.67,4281.03,4601.54,4349.23,1
4306.15,4021.03,4275.38,4265.64,4592.82,4370.77,0
4297.95,4015.9,4274.87,4280,4611.79,4358.46,0
4285.13,4017.95,4246.15,4255.9,4580.51,4352.82,1
4354.36,4054.87,4327.69,4331.28,4677.44,4435.38,1
4297.95,3987.18,4265.13,4276.41,4603.08,4354.36,0
4301.03,4008.72,4269.23,4264.62,4597.95,4353.85,0
4299.49,4009.23,4249.74,4281.03,4597.44,4343.59,0
4272.31,3977.95,4266.15,4273.33,4588.21,4331.79,0
4300,4042.05,4263.08,4281.03,4617.44,4370.77,0
4269.23,3985.64,4245.13,4265.13,4606.15,4339.49,0
4283.08,3975.38,4248.21,4265.13,4604.1,4351.79,0
4292.31,4008.21,4277.44,4259.49,4577.95,4349.74,0
4307.69,3969.23,4248.72,4292.31,4608.72,4370.26,1
4297.44,3996.92,4266.67,4293.85,4611.28,4363.59,0
4292.31,4053.33,4268.72,4276.92,4610.77,4350.26,0
4264.1,3976.41,4244.1,4262.56,4566.15,4311.79,0
4303.59,4004.1,4266.67,4287.18,4609.74,4369.74,1
4312.82,4023.08,4258.46,4285.64,4599.49,4376.92,0
4258.97,4012.82,4248.72,4257.95,4537.44,4321.54,0
4253.33,3972.31,4265.64,4275.38,4568.21,4315.9,0
4385.64,4087.69,4342.05,4367.18,4698.46,4453.85,0
4278.97,3991.28,4263.08,4266.15,4598.46,4335.9,1
4283.08,4035.9,4259.49,4261.03,4602.05,4335.38,0
4306.15,3973.33,4263.59,4275.9,4595.9,4376.41,1
4317.95,3996.41,4270.26,4294.36,4618.97,4373.33,0
4273.33,3984.1,4248.21,4271.79,4595.38,4345.13,0
4261.54,4007.18,4244.62,4254.87,4580.51,4320,0
4284.62,3997.44,4263.59,4297.44,4604.62,4357.95,1
4293.33,3986.15,4260,4287.18,4610.77,4355.38,1
4293.85,4043.08,4261.54,4274.36,4605.64,4345.13,0
4295.9,4005.13,4263.59,4275.38,4578.46,4358.97,1
4331.79,4054.36,4283.59,4302.56,4629.74,4384.1,1
4301.03,3981.54,4271.79,4287.69,4596.92,4365.13,1
4324.62,4004.62,4293.85,4279.49,4632.82,4384.1,0
4283.59,4024.1,4247.18,4271.79,4611.28,4342.56,1
4308.21,4061.54,4265.64,4270.77,4605.64,4353.33,0
4280,3982.56,4249.74,4265.13,4600.51,4347.18,1
4335.38,4034.36,4270.26,4286.15,4578.97,4382.56,0
4299.49,4018.46,4248.72,4279.49,4582.56,4330.77,0
4311.79,4062.05,4270.26,4277.44,4622.05,4356.92,0
4307.69,4005.13,4262.05,4278.97,4608.21,4352.31,1
4265.64,4015.38,4245.64,4252.82,4604.1,4318.46,1
4294.87,4026.67,4265.64,4271.79,4573.85,4350.26,1
4363.08,4054.36,4356.92,4324.1,4663.08,4418.97,0
4276.41,3999.49,4252.82,4270.26,4587.18,4331.28,0
4301.54,4003.08,4236.41,4279.49,4602.56,4355.38,0
4303.08,4013.85,4265.13,4272.82,4604.1,4351.28,0
4313.33,4017.44,4281.54,4289.74,4625.13,4364.1,0
4321.54,4044.1,4264.62,4294.36,4636.92,4371.28,1
4286.67,3975.9,4258.46,4285.64,4620.51,4361.03,1
4272.82,3997.44,4248.21,4264.1,4609.74,4328.72,1
4274.87,3971.28,4236.92,4269.23,4598.46,4345.13,1
4294.36,3999.49,4265.64,4283.08,4594.36,4373.33,0
4228.72,4021.54,4213.33,4231.28,4551.79,4287.69,0
4303.08,4000,4262.05,4277.44,4618.46,4361.54,0
4331.28,4051.79,4267.69,4300,4638.46,4386.67,1
4317.44,4023.08,4296.41,4298.97,4626.67,4377.95,1
4292.82,4004.1,4265.13,4288.21,4612.31,4355.9,0
4288.72,4006.67,4262.05,4268.72,4613.33,4355.38,0
4313.33,4007.18,4280.51,4298.97,4637.44,4373.33,0
4287.18,3985.13,4253.85,4276.92,4604.1,4360,1
4360.51,3981.54,4260.51,4286.67,4633.33,4420,1
4294.87,4003.08,4248.72,4268.72,4603.08,4353.33,1
4289.74,4007.69,4250.77,4263.59,4591.28,4328.72,0
4292.82,3997.44,4262.56,4275.9,4596.92,4352.31,1
4318.97,4023.59,4293.33,4291.79,4612.31,4379.49,0
4258.46,4005.13,4246.67,4272.31,4554.87,4303.59,0
4284.62,3988.21,4261.54,4279.49,4600,4354.36,0
4266.15,3974.87,4251.28,4267.69,4586.67,4342.05,1
4274.36,3992.31,4248.21,4260,4597.95,4335.38,1
4316.92,3981.03,4248.21,4289.74,4619.49,4377.44,1
4290.26,3996.41,4265.64,4282.05,4620,4361.03,0
4283.08,3983.08,4247.18,4260.51,4592.31,4327.18,0
4298.97,4023.08,4272.31,4285.13,4593.85,4368.21,1
4287.69,4006.15,4260.51,4273.33,4581.54,4351.28,0
4294.36,4002.05,4278.97,4277.95,4606.15,4344.62,0
4295.38,4014.87,4266.15,4280,4621.03,4356.92,1
4288.21,4008.72,4263.08,4257.95,4590.26,4349.74,0
4288.21,3992.31,4262.05,4273.33,4584.62,4346.15,1
4292.31,4007.69,4243.08,4254.87,4573.33,4340.51,1
4251.28,3991.28,4245.13,4246.67,4574.36,4316.92,0
4353.33,3991.28,4282.05,4302.56,4640,4414.36,1
4303.08,4003.08,4262.56,4270.26,4591.28,4351.28,0
4282.05,4000.51,4249.23,4257.44,4563.59,4346.15,1
4306.15,4018.46,4262.05,4277.44,4609.74,4364.62,0
4290.77,3988.21,4262.05,4290.26,4621.54,4367.18,0
4265.13,3989.74,4245.64,4254.87,4578.46,4327.18,1
4321.54,4043.08,4270.77,4298.46,4626.67,4376.92,1
4313.33,3997.44,4271.79,4283.59,4607.18,4365.64,1
4281.54,3972.31,4250.26,4266.67,4565.13,4329.23,1
4302.56,4056.92,4269.74,4270.26,4579.49,4327.69,0
4333.85,4062.05,4258.46,4283.59,4606.67,4379.49,0
4292.31,4023.08,4258.46,4260,4576.92,4357.95,1
4323.08,4008.21,4269.23,4280,4617.95,4384.62,0
4303.08,4023.59,4261.03,4283.08,4603.08,4357.95,0
4268.72,3981.54,4245.13,4266.15,4591.28,4344.1,0
4287.69,4006.15,4263.59,4276.92,4612.82,4342.05,1
4307.69,4007.69,4267.18,4284.62,4612.82,4370.77,1
4294.87,4042.56,4263.08,4265.13,4592.31,4342.05,0
4274.87,4072.82,4260.51,4261.54,4550.77,4307.18,0
4301.03,3986.67,4278.97,4286.15,4652.82,4395.9,1
4260,4054.36,4270.26,4278.97,4590.77,4303.08,1
4244.62,4010.77,4240.51,4253.33,4558.46,4309.23,0
4302.05,4008.72,4278.46,4283.08,4613.85,4375.9,0
4287.18,3977.44,4234.36,4263.59,4605.13,4348.21,0
4403.59,4018.97,4277.44,4309.23,4666.67,4471.79,1
4297.95,4009.74,4268.21,4269.23,4593.85,4350.26,0
4286.15,4002.05,4263.59,4271.79,4578.97,4354.87,1
4279.49,4016.92,4262.05,4265.64,4583.59,4328.72,0
4281.54,4003.08,4265.64,4274.87,4582.56,4335.9,1
4285.13,3995.9,4262.05,4285.13,4582.56,4355.9,0
4329.23,3976.92,4248.72,4269.23,4577.44,4371.79,1
4303.59,4015.9,4272.31,4263.59,4581.03,4366.67,0
4318.97,4021.54,4277.44,4288.72,4629.74,4371.28,0
4304.1,4008.72,4268.72,4287.18,4603.59,4368.72,0
4296.41,4016.41,4268.72,4285.64,4620,4358.97,1
4412.31,4066.15,4274.36,4302.56,4649.74,4470.26,0
4287.18,3993.85,4270.26,4274.36,4606.67,4348.21,0
4292.82,4042.05,4261.03,4268.21,4601.54,4343.59,0
4217.44,4033.33,4242.56,4224.1,4490.77,4249.23,0
4331.28,3914.87,4255.38,4328.72,4738.97,4450.26,1
4324.1,4018.46,4262.05,4280.51,4604.62,4385.13,1
4242.56,4002.05,4241.03,4251.28,4546.15,4302.05,0
4294.36,3997.44,4259.49,4271.79,4597.44,4348.72,0
4298.46,3991.79,4265.13,4282.56,4577.95,4359.49,0
4296.41,3991.79,4278.46,4288.21,4598.46,4352.31,1
4404.1,4031.28,4309.74,4331.28,4749.74,4506.15,1
4297.95,4011.28,4282.05,4296.92,4610.77,4362.05,0
4305.64,3981.03,4281.03,4294.87,4655.38,4403.08,1
4216.92,3972.31,4222.56,4249.23,4548.72,4285.13,0
4279.49,3982.05,4260.51,4258.97,4583.08,4343.08,0
4266.15,3958.46,4277.44,4282.05,4586.15,4322.05,0
4310.77,3998.46,4271.79,4288.72,4617.44,4374.36,0
4290.26,4008.72,4271.79,4264.1,4598.46,4354.87,0
4300,3999.49,4252.82,4277.95,4597.44,4369.74,1
4427.18,3990.26,4281.03,4343.08,4783.59,4530.77,1
4291.79,4006.67,4278.46,4262.05,4597.95,4356.92,0
4326.15,4011.28,4276.92,4277.95,4637.44,4393.33,0
4271.79,3983.08,4253.33,4282.05,4589.74,4351.79,1
4297.95,4004.1,4247.18,4282.56,4593.33,4361.03,0
4357.44,4046.15,4320.51,4328.21,4673.85,4418.46,1
4356.92,4034.87,4291.28,4277.95,4618.46,4389.23,0
4301.03,3998.97,4261.03,4286.15,4597.95,4374.87,0
4284.62,4006.67,4249.23,4267.69,4608.72,4351.28,0
4276.92,3971.28,4248.72,4254.36,4590.26,4341.54,0
4307.69,3989.74,4261.03,4287.18,4610.77,4358.46,0
4287.69,4016.92,4263.08,4272.82,4576.41,4350.77,0
4240.51,4035.38,4216.92,4230.26,4556.41,4294.87,0
4281.54,3987.69,4262.05,4272.31,4600,4354.87,0
4309.23,4036.41,4247.69,4281.03,4620.51,4361.54,1
4412.31,4050.26,4289.74,4309.23,4676.92,4461.54,0
4288.21,4047.18,4257.44,4263.59,4605.13,4342.56,0
4313.85,4018.97,4264.62,4277.95,4618.97,4365.13,1
4306.67,4013.85,4258.46,4274.36,4597.44,4363.08,1
4289.74,3998.97,4258.97,4282.56,4634.87,4366.15,1
4275.38,3959.49,4261.03,4269.23,4616.92,4363.59,1
4277.44,3977.44,4252.31,4269.74,4576.92,4336.41,0
4301.03,4005.64,4266.67,4269.23,4601.54,4356.92,0
4261.03,4043.59,4263.08,4261.03,4553.33,4304.62,1
4278.97,4008.21,4243.08,4269.23,4568.21,4326.15,0
4435.9,4095.9,4300.51,4317.44,4663.08,4478.46,0
4360,4000,4293.85,4306.15,4640.51,4417.95,1
4285.64,3987.18,4266.67,4272.82,4589.23,4357.95,0
4396.41,4078.46,4272.31,4286.15,4637.95,4443.08,0
4430.26,4123.08,4268.21,4298.97,4642.05,4452.31,0
4285.64,3990.26,4263.59,4284.62,4598.97,4347.69,0
4276.92,4000.51,4253.33,4263.59,4604.62,4324.62,1
4274.87,3987.69,4247.18,4271.28,4609.74,4341.03,1
4260.51,3956.92,4231.79,4256.41,4568.21,4311.28,0
4361.54,3982.56,4266.67,4295.38,4627.69,4421.54,1
4282.05,3982.05,4263.08,4285.64,4597.44,4338.97,1
4291.28,4008.72,4247.69,4278.97,4596.92,4348.21,0
4286.15,3996.92,4264.62,4278.46,4609.74,4358.97,1
4300,3992.82,4271.28,4280.51,4588.72,4345.13,0
4411.79,4118.97,4295.38,4299.49,4619.49,4438.97,1
4275.9,3988.72,4258.46,4264.62,4607.18,4333.85,0
4293.33,3991.28,4262.56,4275.38,4602.05,4357.95,0
4304.62,4025.64,4271.28,4264.1,4594.36,4366.67,0
4298.97,3980,4263.08,4281.03,4581.54,4352.82,1
4289.74,3985.13,4257.95,4276.92,4596.92,4342.05,0
4364.1,4053.33,4335.38,4331.28,4678.46,4426.15,1
4290.26,4006.15,4274.87,4291.79,4610.77,4364.1,0
4281.03,3987.69,4265.64,4265.13,4600.51,4353.33,0
4355.38,4054.87,4279.49,4275.9,4576.92,4384.1,1
4300.51,4016.92,4273.33,4277.95,4613.33,4365.64,0
4404.1,4073.33,4296.92,4315.38,4641.03,4462.56,0
4291.28,3996.41,4262.56,4284.1,4618.46,4366.15,1
4274.87,4026.15,4261.03,4273.85,4563.08,4334.36,0
4299.49,4001.54,4273.33,4273.33,4602.56,4356.41,0
4294.87,4007.18,4262.05,4276.41,4603.08,4367.69,1
4285.13,3978.97,4267.18,4266.15,4586.67,4339.49,0
4278.97,3992.31,4248.72,4258.97,4583.59,4336.41,1
4312.82,4034.87,4282.56,4293.33,4627.18,4383.59,0
4315.9,4012.31,4284.1,4306.67,4621.54,4385.64,1
4276.92,3996.41,4251.28,4269.74,4598.46,4339.49,0
4324.1,4036.92,4261.03,4290.77,4633.85,4382.05,1
4275.9,4007.18,4254.36,4268.21,4581.03,4325.64,0
4295.38,3995.38,4253.85,4286.67,4599.49,4356.41,1
4329.23,4026.15,4281.03,4281.54,4630.77,4387.18,0
4326.67,3985.13,4276.92,4289.23,4633.33,4391.79,1
4290.26,4010.77,4249.74,4267.69,4598.46,4335.38,1
4292.31,4013.33,4259.49,4265.64,4592.31,4335.38,0
4327.69,3911.79,4248.21,4329.74,4735.9,4446.67,1
4273.85,3999.49,4243.59,4254.87,4599.49,4325.64,1
4281.54,4038.46,4251.79,4261.03,4557.44,4325.64,1
4292.31,4010.77,4274.36,4288.72,4591.79,4359.49,0
4283.08,3963.59,4263.08,4285.13,4612.31,4340,0
4281.54,3990.77,4258.97,4266.67,4601.54,4337.95,0
4305.13,3998.46,4272.31,4283.08,4613.85,4360,0
4369.23,4026.67,4272.82,4304.1,4663.08,4436.92,1
4289.23,3996.41,4247.18,4266.15,4618.97,4352.31,0
4293.33,4006.15,4264.62,4282.05,4587.18,4357.44,1
4315.38,4041.03,4263.59,4292.31,4621.54,4368.21,1
4301.54,4010.77,4265.64,4284.1,4610.77,4366.67,0
4289.23,4001.03,4250.26,4269.74,4591.79,4344.62,0
4336.92,3988.72,4278.97,4289.23,4617.95,4387.69,1
4375.38,4072.82,4263.08,4290.26,4628.21,4412.31,0
4303.08,4061.03,4272.31,4276.41,4617.44,4358.46,0
4277.95,4002.05,4261.54,4260.51,4606.67,4333.85,0
4280,3978.46,4261.03,4264.62,4583.59,4343.08,1
4317.44,3963.59,4250.77,4299.49,4696.41,4414.36,1
4284.1,3990.26,4267.18,4289.74,4624.62,4362.05,0
4287.69,3993.33,4265.13,4278.97,4584.1,4359.49,0
4301.03,4010.26,4279.49,4280.51,4616.92,4361.54,1
4284.1,4001.03,4266.67,4275.9,4613.85,4349.74,1
4299.49,4038.97,4263.08,4273.85,4600.51,4345.13,0
4272.31,3990.26,4263.59,4276.92,4590.77,4347.69,0
4293.33,4031.79,4262.05,4279.49,4595.9,4342.05,0
4285.13,3989.23,4249.74,4272.82,4589.74,4350.77,1
4332.31,4021.03,4296.92,4292.82,4625.13,4384.62,1
4276.92,4027.18,4244.1,4262.05,4569.74,4322.05,0
4233.33,4018.46,4212.82,4226.15,4551.79,4283.08,0
4287.69,4020,4285.13,4293.33,4631.79,4358.46,0
4380.51,4054.87,4285.13,4294.36,4635.38,4429.74,0
4256.92,3968.21,4222.56,4253.33,4583.59,4333.33,1
4289.23,4028.72,4270.77,4283.08,4630.77,4355.38,1
4275.38,3985.64,4246.67,4272.31,4595.38,4345.64,0
4407.18,4101.03,4369.74,4381.54,4701.03,4455.9,0
4380.51,3997.44,4269.74,4297.95,4642.56,4440,1
4287.18,3926.15,4241.03,4297.95,4666.15,4382.56,1
4295.38,3998.46,4267.18,4291.28,4614.87,4368.72,0
4369.74,4002.56,4294.87,4311.28,4637.44,4418.46,1
4280.51,3987.18,4261.03,4268.72,4580.51,4341.03,0
4294.87,4008.72,4263.59,4274.36,4606.67,4350.26,1
4308.21,4036.41,4277.44,4270.77,4602.56,4345.13,1
4270.77,3946.15,4249.74,4270.77,4615.38,4352.31,0
4287.18,3970.26,4263.59,4281.03,4628.21,4368.21,0
4294.87,4011.79,4260,4267.69,4592.31,4351.28,1
4269.23,3969.74,4246.67,4259.49,4598.97,4331.28,0
4280.51,3961.03,4261.03,4282.56,4609.74,4340.51,0
4272.31,3990.77,4246.15,4269.23,4596.41,4332.82,1
4327.69,4006.67,4295.38,4282.05,4628.72,4389.23,0
4292.82,4002.56,4248.72,4274.36,4600.51,4354.36,1
4277.44,3965.13,4260.51,4282.56,4591.28,4350.77,1
4296.92,4010.77,4262.05,4257.95,4586.15,4352.31,0
4314.87,4018.97,4283.08,4293.33,4629.74,4377.95,0
4278.46,3925.64,4244.62,4266.15,4596.41,4334.87,0
4363.08,4043.08,4279.49,4277.44,4618.46,4397.44,0
4240.51,3967.18,4232.31,4267.69,4585.13,4332.82,0
4296.41,4016.92,4263.08,4273.85,4578.46,4352.82,0
4297.95,4047.18,4251.28,4273.85,4609.23,4358.46,0
4323.59,4068.72,4287.18,4284.1,4577.95,4351.28,1
4279.49,3985.64,4244.1,4269.23,4597.44,4331.79,0
4321.03,3934.36,4250.77,4321.54,4707.69,4422.05,1
4287.18,4000,4247.18,4257.95,4571.28,4347.18,1
4487.69,4133.33,4311.28,4353.33,4753.85,4535.9,0
4295.9,4023.59,4264.62,4278.97,4615.38,4348.72,1
4362.56,4049.74,4330.77,4332.31,4676.41,4428.72,1
4275.38,4011.28,4254.87,4270.77,4592.31,4335.9,0
4308.72,3994.36,4265.13,4277.44,4597.95,4372.31,0
4304.1,4012.82,4267.69,4285.13,4616.41,4371.79,0
4406.67,4096.92,4298.46,4296.92,4577.44,4421.03,1
4309.74,4008.21,4281.03,4289.74,4625.64,4363.59,0
4264.1,3973.85,4250.26,4275.9,4581.03,4333.33,1
4282.05,3976.41,4260,4258.46,4584.1,4336.92,0
4279.49,4027.69,4264.62,4273.33,4628.21,4352.31,1
4294.87,3996.41,4258.97,4280.51,4617.95,4363.08,0
4377.95,4083.59,4341.03,4355.9,4689.74,4446.15,0
4325.64,4009.74,4286.15,4289.74,4598.97,4372.82,1
4283.08,3995.9,4264.1,4272.31,4580.51,4350.26,1
4333.33,4023.59,4264.62,4276.92,4603.08,4393.85,1
4304.1,4043.59,4282.05,4304.1,4654.87,4375.9,1
4291.28,4009.74,4266.67,4280,4608.21,4365.13,1
4295.38,3994.36,4270.26,4271.79,4601.03,4365.64,0
4270.26,3978.46,4247.18,4264.1,4593.85,4323.08,0
4296.41,4008.72,4249.23,4255.9,4572.82,4350.77,1
4293.33,4008.21,4247.69,4257.44,4570.26,4350.77,1
4273.33,3996.92,4257.95,4274.87,4585.64,4326.15,0
4320.51,4051.28,4281.54,4271.28,4584.62,4358.97,1
4272.82,3974.36,4247.18,4275.38,4596.92,4347.69,0
4329.23,4006.15,4271.79,4279.49,4582.56,4372.31,1
4289.23,3990.77,4259.49,4283.59,4577.44,4348.21,0
4297.95,4023.59,4257.95,4278.46,4625.64,4363.59,1
4275.9,4023.59,4249.23,4262.05,4620,4332.31,1
4272.31,3994.36,4234.87,4256.92,4615.38,4326.67,1
4304.62,4002.56,4267.69,4287.18,4598.46,4363.08,0
4283.08,4006.67,4265.13,4274.36,4607.18,4345.64,1
4287.18,4035.38,4265.64,4266.15,4567.18,4328.72,1
4328.72,4010.77,4296.92,4300,4612.31,4374.87,1
4286.15,4005.13,4263.59,4277.44,4606.15,4337.44,1
4309.74,4013.85,4270.77,4287.18,4623.59,4365.64,0
4293.85,4004.62,4245.64,4267.18,4596.41,4351.28,1
4280,4004.1,4249.74,4260,4598.46,4334.87,1
4304.62,4018.46,4272.31,4278.46,4602.05,4360,1
4298.97,4010.77,4264.62,4278.46,4602.05,4345.64,1
4306.15,4021.03,4270.26,4273.85,4619.49,4368.21,1
4280,4036.92,4247.18,4261.54,4590.26,4334.87,0
4283.08,3992.82,4248.21,4283.08,4601.54,4355.38,1
4370.77,4010.77,4276.41,4300.51,4677.44,4434.36,0
4276.41,3987.69,4249.23,4258.46,4560,4324.1,1
4273.33,3984.1,4257.95,4277.95,4611.79,4354.87,1
4292.31,4043.59,4262.05,4261.03,4605.13,4335.38,0
4259.49,4054.36,4268.72,4277.95,4595.38,4308.21,1
4334.36,4036.92,4311.79,4313.85,4644.62,4394.87,1
4223.08,3969.74,4222.56,4250.26,4546.15,4282.56,0
4287.69,3993.33,4251.79,4268.72,4606.15,4341.03,0
4328.72,4044.62,4264.1,4290.77,4622.56,4382.56,1
4282.05,4001.03,4245.13,4262.05,4566.15,4346.15,1
4274.87,3978.97,4247.69,4267.18,4575.9,4346.15,1
4293.85,4024.1,4260,4261.03,4585.13,4354.87,1
4295.9,4021.03,4253.33,4258.97,4570.26,4356.41,1
4316.92,4006.15,4285.64,4294.87,4609.23,4371.28,1
4266.67,4007.18,4244.62,4266.67,4560,4310.26,0
4375.9,4024.62,4276.92,4309.74,4652.31,4443.08,1
4238.46,4033.85,4242.05,4229.74,4459.49,4263.59,0
4389.23,4070.77,4290.77,4298.46,4604.1,4417.44,0
4318.46,4023.59,4269.23,4287.69,4619.49,4373.33,0
4213.85,3971.28,4219.49,4242.05,4538.97,4278.46,0
4257.95,4036.92,4249.74,4262.56,4593.33,4307.69,0
4357.44,4001.03,4291.79,4306.67,4633.85,4410.77,1
4261.54,3987.69,4249.23,4259.49,4569.23,4316.41,0
4286.15,4044.1,4260.51,4268.72,4603.08,4351.28,0
4308.72,4005.64,4278.97,4281.54,4603.08,4366.15,1
4238.97,4007.69,4248.21,4255.38,4554.36,4290.26,0
4366.67,4035.38,4313.85,4316.92,4616.92,4395.9,1
4290.26,3993.85,4264.1,4271.28,4603.08,4356.41,1
4312.82,4005.64,4265.13,4287.18,4620.51,4386.67,1
4292.82,4011.79,4263.59,4281.54,4603.59,4355.9,0
4364.1,4061.54,4362.56,4325.64,4662.56,4412.82,0
4292.31,4009.74,4264.62,4276.92,4592.82,4364.1,1
4308.72,4009.23,4274.36,4284.62,4625.13,4382.05,1
4343.08,4039.49,4320.51,4300.51,4625.64,4390.77,0
4289.74,3996.41,4264.62,4289.74,4597.95,4353.85,0
4308.72,4004.1,4279.49,4293.85,4603.59,4365.64,1
4317.95,4030.77,4280.51,4301.03,4636.92,4384.62,0
4309.74,4015.9,4274.36,4289.74,4610.77,4369.74,1
4334.36,3970.77,4262.05,4280.51,4586.15,4381.54,1
4282.05,4000,4250.77,4255.9,4564.62,4335.9,1
4318.97,4027.18,4291.79,4289.23,4627.18,4378.46,1
4290.26,3940,4258.46,4269.23,4597.95,4342.05,0
4305.13,3994.36,4264.1,4287.18,4595.9,4380,0
4295.38,4010.77,4264.62,4272.82,4601.03,4364.1,1
4298.46,4005.13,4254.36,4272.31,4608.72,4353.33,0
4259.49,4000.51,4249.23,4264.62,4555.38,4333.33,1
4273.85,3991.28,4237.95,4266.15,4589.23,4336.41,0
4316.41,4062.05,4290.77,4283.08,4609.74,4365.13,0
4236.41,4032.82,4222.05,4241.03,4556.92,4291.28,0
4283.08,4007.18,4235.38,4268.21,4611.79,4347.18,0
4327.69,4038.46,4280.51,4291.79,4626.15,4389.23,0
4297.44,4008.72,4264.1,4278.97,4602.05,4366.15,0
4273.33,3989.23,4265.13,4271.28,4578.46,4336.41,0
4291.79,4010.26,4253.85,4276.41,4599.49,4351.28,1
4288.72,4032.31,4274.87,4274.36,4590.26,4335.38,0
4285.64,3997.44,4253.85,4267.18,4603.08,4347.18,0
4265.64,4006.15,4247.18,4256.41,4590.26,4316.41,0
4349.23,4073.33,4286.67,4301.54,4615.38,4390.77,1
4298.97,3996.92,4264.62,4278.97,4598.97,4366.67,1
4277.44,3977.95,4261.03,4267.69,4606.67,4344.62,0
4297.44,4012.82,4257.44,4275.38,4611.79,4370.26,0
4289.74,3996.92,4258.46,4274.87,4628.72,4366.15,1
4286.67,3989.23,4247.18,4261.54,4598.46,4347.18,0
4292.31,3986.15,4259.49,4286.67,4613.33,4364.62,0
4273.85,3986.15,4243.59,4273.85,4608.21,4349.74,0
4322.56,4024.1,4277.44,4290.77,4620.51,4374.87,0
4324.1,3993.33,4282.05,4295.38,4634.36,4389.74,1
4308.21,4038.97,4251.79,4287.18,4618.46,4366.15,1
4382.56,4076.92,4342.56,4367.18,4696.92,4449.74,0
4260.51,3957.95,4242.05,4254.87,4578.46,4325.13,0
4297.44,4010.77,4263.08,4289.23,4618.97,4368.72,0
4297.95,4012.31,4261.54,4282.05,4593.85,4371.28,1
4286.67,4000.51,4262.56,4281.54,4604.1,4354.87,0
4295.9,4022.56,4264.62,4285.64,4627.69,4361.03,1
4272.82,4039.49,4247.69,4253.85,4585.64,4325.13,0
4291.79,3968.72,4282.56,4291.28,4617.44,4347.18,0
4269.74,3988.72,4246.15,4273.85,4593.33,4341.03,1
4313.85,3987.69,4265.13,4305.13,4626.67,4386.15,1
4365.13,4049.23,4291.28,4296.92,4602.56,4397.95,0
4302.56,3997.95,4270.26,4288.72,4615.38,4351.28,0
4282.56,3990.26,4264.1,4268.21,4597.95,4343.08,1
4389.23,4053.85,4350.77,4360.51,4703.08,4465.13,1
4269.23,3980.51,4251.28,4263.59,4599.49,4335.38,0
4333.33,4026.15,4281.03,4277.95,4598.97,4372.31,1
4270.26,3970.26,4237.44,4263.08,4573.85,4330.77,0
4345.64,4054.87,4276.41,4279.49,4604.62,4386.67,0
4282.05,3968.21,4247.18,4266.15,4587.18,4342.05,1
4272.31,4001.03,4246.15,4257.95,4601.03,4336.41,1
4283.59,4001.03,4258.46,4269.23,4600,4351.79,1
4315.38,4007.18,4276.92,4285.64,4620,4387.18,1
4299.49,3993.85,4255.38,4280.51,4605.64,4350.77,0
4287.69,3995.38,4251.28,4272.31,4593.85,4351.79,1
4328.21,4036.92,4281.03,4294.87,4620.51,4376.92,0
4284.1,4011.79,4249.23,4264.62,4601.03,4353.85,0
4301.54,4028.21,4264.1,4265.13,4585.13,4364.1,1
4302.56,4004.1,4262.05,4265.13,4603.59,4360,1
4388.72,4106.15,4294.87,4293.33,4610.26,4415.9,1
4250.26,4002.56,4240,4250.77,4533.33,4272.31,1
4326.67,3982.56,4266.67,4287.18,4618.46,4395.38,1
4297.95,4006.67,4256.92,4273.33,4597.44,4357.44,0
4283.08,3980.51,4250.26,4266.67,4593.33,4352.31,0
4241.03,4031.28,4248.21,4248.72,4485.64,4268.21,0
4249.74,4004.62,4248.72,4261.54,4541.03,4269.74,1
4286.67,3997.44,4250.26,4264.1,4578.46,4354.87,1
4278.97,3989.74,4255.9,4280,4572.31,4347.69,0
4280,3997.95,4248.72,4271.28,4617.44,4341.54,1
4294.36,4051.79,4275.9,4273.33,4601.54,4347.69,0
4292.31,3991.28,4264.1,4270.26,4587.18,4345.13,1
4293.33,4000.51,4248.21,4273.33,4605.64,4350.77,1
4383.08,4032.82,4273.85,4300.51,4661.03,4454.36,1
4328.72,4042.56,4264.1,4294.36,4628.72,4387.18,1
4318.97,4027.18,4313.85,4280.51,4606.67,4370.26,0
4280,3988.21,4260.51,4278.97,4606.15,4337.95,0
4425.64,4107.18,4308.21,4308.72,4622.05,4445.64,0
4297.95,4005.64,4266.67,4284.62,4597.95,4371.79,0
4282.05,3988.72,4243.59,4267.18,4594.36,4351.28,1
4262.05,3968.21,4263.08,4266.67,4578.97,4324.1,0
4297.44,4009.74,4255.38,4284.62,4628.72,4364.62,0
4278.97,3988.21,4249.74,4271.79,4592.82,4343.08,1
4294.36,4020.51,4255.38,4277.95,4602.56,4344.62,0
4286.15,3963.08,4248.72,4264.62,4589.74,4344.1,1
4309.23,4039.49,4280,4293.33,4611.79,4352.31,0
4353.85,4070.77,4293.85,4290.77,4618.46,4405.13,0
4313.33,4010.77,4270.26,4288.72,4616.41,4372.31,1
4287.69,3970.26,4252.82,4265.13,4581.03,4358.46,1
4306.15,4020,4284.62,4274.87,4605.64,4368.21,0
4334.36,4046.15,4285.64,4284.62,4608.72,4375.38,1
4295.9,3996.41,4264.62,4275.38,4585.64,4346.15,1
4299.49,3990.77,4261.03,4281.54,4584.62,4346.67,1
4277.44,3990.77,4264.62,4267.69,4592.31,4344.1,0
4256.92,4010.77,4261.03,4271.28,4540,4293.33,0
4289.23,3991.28,4269.74,4281.03,4596.41,4345.13,0
4306.15,4063.08,4267.69,4285.64,4623.59,4363.59,0
4220.51,4006.67,4207.69,4232.31,4530.77,4269.74,0
4281.54,3964.1,4252.82,4264.1,4594.87,4345.64,0
4329.74,3986.67,4267.18,4302.56,4622.05,4387.18,1
4311.79,4007.69,4280.51,4296.41,4627.69,4378.97,1
4311.28,4037.44,4260,4264.62,4563.08,4357.44,1
4396.92,4088.72,4348.72,4376.41,4710.26,4459.49,0
4259.49,4019.49,4236.41,4255.9,4548.72,4296.92,1
4289.74,4007.18,4265.64,4275.38,4595.9,4365.64,1
4273.85,3959.49,4248.21,4277.44,4633.85,4360.51,0
4290.77,4035.38,4249.74,4267.69,4603.59,4351.28,0
4285.64,3976.92,4233.33,4258.46,4603.59,4345.64,0
4277.95,4006.67,4262.56,4268.21,4580.51,4336.41,0
4450.77,4148.21,4308.21,4305.13,4660.51,4490.77,0
4264.1,3996.92,4247.18,4266.15,4577.44,4308.72,0
4261.54,3961.54,4241.54,4249.74,4572.82,4328.21,0
4287.18,4004.62,4250.26,4264.1,4597.44,4352.31,1
4269.23,4018.46,4254.36,4266.15,4609.23,4338.97,1
4287.69,3986.15,4262.56,4285.64,4576.41,4353.33,0
4291.28,3988.72,4254.87,4266.67,4592.31,4350.26,0
4386.15,4058.46,4347.18,4347.18,4690.77,4452.82,1
4284.1,4002.56,4258.97,4269.74,4596.92,4353.33,1
4362.56,4035.38,4304.62,4314.87,4614.36,4394.87,1
4338.46,4031.79,4296.41,4303.59,4630.77,4404.62,1
4284.1,3981.03,4252.31,4271.28,4607.18,4349.23,1
4268.72,3973.33,4245.13,4269.23,4585.64,4335.38,0
4292.82,4018.46,4258.46,4263.08,4594.87,4344.62,1
4320.51,4027.69,4267.69,4278.46,4620,4356.92,1
4300,4004.62,4268.72,4269.23,4602.05,4358.46,0
4278.97,4020,4262.56,4265.13,4595.38,4332.31,0
4302.56,4024.1,4263.08,4277.44,4623.59,4366.67,1
4245.64,3987.69,4233.33,4253.85,4566.15,4304.62,0
4319.49,4056.92,4295.9,4302.05,4615.9,4368.72,0
4300.51,4020.51,4260.51,4281.54,4592.82,4353.85,0
4334.36,4060.51,4278.97,4294.36,4603.59,4372.82,1
4276.41,3977.44,4261.54,4256.41,4589.23,4342.56,1
4305.13,3993.85,4273.33,4292.82,4635.9,4368.72,0
4279.49,3974.36,4262.56,4280.51,4570.77,4344.1,1
4288.72,4003.59,4252.31,4276.41,4595.9,4369.23,0
4278.97,4010.26,4259.49,4269.23,4581.03,4356.41,0
4293.85,4020,4274.36,4285.64,4636.41,4364.1,1
4309.23,4003.59,4249.74,4268.21,4596.41,4375.38,1
4328.21,4011.28,4295.9,4278.97,4607.69,4364.62,1
4286.67,4009.23,4243.59,4266.67,4591.79,4352.31,1
4303.59,4008.72,4269.23,4286.15,4609.23,4366.15,1
4197.95,4049.23,4229.74,4218.46,4472.82,4225.64,0
4301.03,4024.62,4263.59,4279.49,4598.46,4355.38,0
4304.62,3991.28,4276.41,4283.59,4597.95,4351.79,0
4273.85,4000.51,4247.69,4263.08,4589.74,4346.15,0
4394.36,4025.64,4264.62,4299.49,4654.87,4451.28,1
4284.62,3982.56,4231.28,4260.51,4604.1,4341.03,0
4280,3988.72,4257.95,4276.41,4593.85,4353.85,0
4263.59,3985.13,4251.28,4264.62,4561.03,4317.44,1
4255.38,3980.51,4247.18,4259.49,4528.72,4306.15,1
4447.18,4124.62,4277.44,4307.18,4649.23,4467.69,0
4293.33,4018.97,4269.74,4275.38,4584.1,4368.72,0
4239.49,3965.64,4234.87,4259.49,4576.41,4325.64,0
4274.87,3989.74,4247.69,4264.62,4611.28,4345.64,0
4292.31,4018.97,4267.18,4257.95,4587.18,4352.82,1
4308.21,4027.69,4264.1,4265.13,4575.38,4362.56,1
4296.41,3991.28,4266.15,4278.46,4622.56,4349.74,1
4293.85,3993.85,4264.62,4280.51,4590.77,4344.62,0
4342.05,3986.67,4280.51,4295.38,4627.69,4395.9,1
4324.1,4015.38,4286.15,4306.67,4634.36,4384.1,0
4293.33,4018.46,4255.9,4256.92,4594.36,4356.92,1
4422.05,4087.69,4299.49,4304.62,4663.08,4467.18,0
4282.56,3986.15,4250.77,4266.15,4582.56,4342.56,1
4279.49,4016.41,4247.18,4270.77,4601.03,4338.97,0
4394.87,4029.23,4279.49,4304.62,4680.51,4448.21,1
4270.77,3952.31,4261.54,4272.31,4575.9,4334.87,1
4224.1,4022.56,4230.77,4226.67,4456.41,4233.85,0
4293.33,3993.85,4276.92,4288.21,4606.15,4371.28,0
4265.13,3998.46,4246.67,4260,4584.1,4331.79,0
4255.38,4008.72,4247.69,4265.13,4549.23,4298.97,0
4273.85,3977.95,4251.28,4266.67,4575.9,4345.13,1
4306.15,4020,4271.28,4270.77,4591.28,4357.44,0
4332.82,4026.67,4307.18,4307.18,4622.56,4389.23,0
4284.1,3985.64,4275.38,4293.33,4600,4356.92,0
4311.28,4005.64,4262.05,4296.92,4623.08,4380,0
4306.67,4010.26,4250.26,4281.03,4591.79,4376.92,0
4281.03,3976.92,4253.33,4262.05,4592.31,4349.23,0
4295.9,3990.77,4262.56,4291.28,4620,4360.51,0
4313.85,4020,4267.18,4275.9,4598.46,4366.67,0
4290.77,4006.67,4265.13,4274.87,4610.26,4360.51,0
4268.21,4014.87,4232.31,4262.56,4561.03,4329.74,0
4308.21,3994.36,4279.49,4283.59,4624.1,4354.36,1
4255.38,3987.69,4234.87,4263.08,4573.33,4307.69,0
4275.38,4009.23,4263.08,4272.31,4591.28,4335.9,0
4281.03,4026.67,4250.77,4255.38,4616.92,4338.97,1
4288.21,3985.13,4256.41,4268.72,4596.92,4349.74,0
4265.64,3965.13,4231.28,4257.95,4597.44,4329.23,1
4292.82,4007.69,4242.05,4273.33,4596.41,4370.77,0
4258.97,3990.77,4237.95,4265.64,4566.15,4318.97,0
4308.72,4006.15,4256.41,4276.41,4633.33,4376.92,0
4273.85,3968.21,4246.67,4260,4576.41,4335.38,0
4277.95,3984.62,4263.08,4280.51,4600,4345.64,1
4304.1,4004.62,4267.69,4281.54,4608.21,4361.54,1
4285.64,4026.15,4266.67,4269.74,4606.67,4338.46,1
4236.41,3995.38,4238.97,4256.92,4538.97,4295.9,0
4268.21,4035.38,4265.64,4272.31,4614.87,4333.33,0
4302.56,4003.08,4258.46,4278.46,4608.72,4355.9,0
4253.33,4032.31,4229.23,4248.72,4582.05,4308.72,0
4292.31,3986.15,4250.77,4273.33,4605.13,4357.44,1
4283.08,4005.13,4247.18,4265.13,4602.05,4345.13,0
4302.56,4008.72,4265.13,4278.46,4602.05,4359.49,1
4308.72,4017.95,4268.72,4278.97,4615.9,4354.87,1
4288.72,4001.03,4261.03,4268.21,4596.92,4346.15,0
4285.13,3996.41,4257.44,4275.38,4602.05,4350.77,1
4300.51,4024.62,4263.08,4281.54,4617.44,4369.23,1
4304.1,4031.28,4267.69,4274.36,4565.64,4364.62,1
4339.49,3981.54,4268.72,4293.33,4643.08,4408.21,1
4290.77,3983.59,4255.38,4282.05,4619.49,4352.31,0
4301.03,4012.31,4250.26,4281.54,4607.69,4375.9,0
4214.36,3974.36,4220,4242.56,4544.62,4286.15,0
4285.64,3997.44,4258.97,4271.79,4595.9,4354.87,0
4301.54,4025.64,4254.36,4279.49,4593.85,4351.79,0
4385.64,4064.1,4347.69,4357.95,4701.03,4452.31,1
4410.77,4098.97,4381.54,4397.95,4722.56,4469.74,0
4307.18,3972.31,4265.64,4299.49,4611.28,4387.69,1
4384.62,4052.31,4327.69,4327.18,4625.13,4409.74,1
4277.95,3991.79,4264.1,4277.95,4603.08,4352.31,1
4291.79,4042.56,4265.64,4268.72,4564.62,4323.08,1
4276.41,3994.87,4266.67,4271.79,4533.85,4323.08,1
4277.44,3976.41,4250.26,4264.62,4598.46,4354.36,0
4276.41,4030.26,4261.54,4273.33,4554.87,4306.15,1
4292.31,3998.97,4262.05,4275.38,4595.38,4353.33,1
4293.33,3997.44,4256.92,4270.77,4603.08,4350.26,1
4283.59,3978.46,4261.03,4276.92,4590.77,4345.64,1
4305.64,4006.15,4272.82,4284.1,4616.41,4384.1,1
4296.92,3997.95,4279.49,4277.95,4600.51,4358.97,0
4293.85,3998.46,4275.9,4277.95,4585.64,4350.26,1
4278.46,4026.67,4279.49,4287.18,4620.51,4344.1,0
4270.26,4003.08,4250.26,4262.05,4607.69,4330.26,0
4300.51,4006.15,4277.44,4288.72,4610.26,4367.69,0
4362.56,3990.77,4280,4298.46,4661.54,4431.79,1
4295.9,4009.23,4265.64,4287.18,4585.13,4356.41,0
4297.95,4003.08,4278.97,4278.97,4602.05,4369.74,0
4292.31,3991.28,4263.08,4287.69,4624.1,4371.79,0
4276.92,3973.85,4254.87,4269.23,4589.74,4349.74,0
4281.03,3960,4279.49,4291.28,4618.46,4344.1,0
4280,4007.69,4263.08,4276.41,4584.62,4339.49,0
4394.36,4085.13,4289.74,4293.33,4614.87,4435.38,0
4298.46,4023.59,4271.79,4281.54,4609.74,4350.26,1
4325.13,4015.9,4288.21,4297.44,4627.18,4394.87,1
4301.54,4004.62,4262.05,4276.41,4601.03,4361.54,1
4296.92,4011.28,4265.13,4275.9,4599.49,4338.97,1
4274.36,4012.31,4244.62,4265.13,4591.28,4335.38,0
4271.28,4024.1,4251.79,4255.9,4594.36,4340,0
4266.67,3971.28,4261.03,4253.33,4585.64,4344.62,0
4280,4023.59,4241.54,4263.08,4600.51,4334.36,0
4318.97,4001.03,4281.54,4299.49,4621.03,4373.33,0
4280,3958.97,4271.28,4291.79,4614.87,4348.21,0
4287.18,3987.69,4260.51,4272.82,4589.74,4351.28,1
4299.49,4053.33,4270.26,4284.1,4617.95,4357.44,0
4249.23,4005.64,4245.13,4265.13,4533.33,4288.21,1
4346.67,4033.85,4269.23,4288.21,4615.9,4388.21,0
4275.9,3989.23,4230.26,4266.67,4601.54,4335.38,0
4318.46,4025.13,4279.49,4287.69,4622.05,4376.92,1
4286.15,4000.51,4243.59,4250.77,4574.87,4337.95,1
4338.46,4054.36,4287.18,4290.26,4616.92,4384.1,1
4284.62,4009.23,4260,4267.69,4574.87,4353.85,0
4326.67,4022.56,4280,4285.64,4631.28,4400,1
4296.41,4022.05,4250.26,4265.13,4605.13,4363.59,1
4263.08,4006.15,4258.97,4266.15,4544.62,4317.95,0
4250.77,4007.69,4241.03,4254.87,4561.54,4309.23,0
4311.28,4036.41,4254.36,4266.67,4618.46,4367.18,1
4427.18,4096.41,4284.1,4309.74,4630.77,4468.72,0
4271.79,3985.13,4255.38,4261.03,4582.05,4330.26,1
4281.03,3994.87,4260.51,4269.23,4588.21,4354.87,1
4287.69,4023.08,4261.54,4267.69,4577.95,4351.28,1
4284.1,4020.51,4278.97,4284.1,4549.74,4346.15,1
4287.69,4011.28,4250.77,4265.64,4586.15,4350.26,1
4305.64,4003.59,4247.18,4267.69,4596.41,4372.31,1
4322.05,4034.87,4265.13,4289.23,4622.56,4377.44,1
4361.03,4038.97,4315.9,4324.62,4672.31,4420.51,1
4288.72,3996.92,4263.08,4276.41,4586.67,4345.13,1
4294.36,3990.26,4273.33,4285.13,4610.77,4352.82,0
4241.54,4026.15,4230.26,4248.21,4557.95,4295.9,0
4289.74,4021.54,4255.9,4246.67,4592.31,4350.26,1
4291.79,3995.38,4264.1,4284.1,4610.26,4359.49,0
4317.44,4039.49,4258.97,4287.18,4634.36,4381.54,1
4318.97,4015.9,4260,4287.18,4637.95,4383.08,0
4278.46,4006.15,4256.41,4278.97,4593.85,4333.85,0
4282.05,4031.79,4265.13,4272.82,4628.21,4354.87,1
4295.38,4010.77,4266.15,4273.85,4591.28,4343.59,0
4293.33,4034.36,4261.54,4276.92,4620.51,4354.87,0
4346.15,3988.21,4266.15,4290.77,4610.26,4397.95,1
4275.38,4005.64,4265.13,4283.59,4623.08,4330.26,1
4295.38,4007.18,4275.9,4292.31,4610.77,4377.44,1
4274.87,3997.95,4238.46,4272.82,4612.31,4335.38,1
4304.1,4048.72,4276.92,4286.15,4611.79,4357.44,0
4301.03,4059.49,4267.18,4274.36,4584.1,4323.08,0
4286.15,3997.95,4269.74,4270.77,4603.08,4350.26,0
4287.18,3994.87,4248.21,4287.18,4618.46,4363.59,0
4202.05,4045.64,4229.23,4218.46,4464.62,4227.69,0
4211.79,4015.9,4230.26,4240.51,4544.62,4265.13,1
4268.72,4035.38,4237.95,4250.77,4586.67,4321.54,0
4287.69,4007.69,4267.18,4260.51,4597.44,4353.33,0
4297.95,4031.79,4275.9,4279.49,4604.1,4340.51,0
4303.08,4010.26,4270.77,4281.54,4626.67,4349.23,0
